panstwo,rok,liczba_bev_we_flocie,liczba_phev_we_flocie,procent_bev_we_flocie,procent_phev_we_flocie,liczba_bev_w_nowych_rejestracjach,liczba_phev_w_nowych_rejestracjach,procent_bev_w_nowych_rejestracjach,procent_phev_w_nowych_rejestracjach,liczba_ev_we_flocie,procent_ev_we_flocie,liczba_ev_w_nowych_rejestracjach,procent_ev_w_nowych_rejestracjach,pkb_per_capita_pps,cena_energii_eur_kwh,cena_benzyny_eur_litr,cena_diesla_eur_litr,koszt_100_km_ev,koszt_100_km_benzyna,koszt_100_km_diesel,relacja_kosztu_ev_do_benzyny,relacja_kosztu_ev_do_diesla,polityka_ue_etap,po_2035,punkty_ladowania_razem,punkty_ac,punkty_dc,ludnosc,punkty_ladowania_na_100_tys_mieszkancow
Austria,2020,44507.0,15237.0,0.87,0.3,15955.0,7762.0,6.41,3.12,59744.0,1.17,23717.0,9.53,37385.6,0.2139,1.08368,1.05006,3.8502,7.58576,6.30036,0.5075562633144207,0.611107936689332,1,0,8104.0,6874.0,1230.0,8901064,91.04529525908364
Austria,2021,76539.0,29021.0,1.49,0.57,33379.0,14633.0,13.92,6.1,105560.0,2.06,48012.0,20.02,40185.6,0.22505,1.2833673469387754,1.2372244897959184,4.0509,8.983571428571429,7.42334693877551,0.4509231136201002,0.5456972486144102,1,0,11739.0,10452.0,1287.0,8932664,131.41656285291825
Austria,2022,110225.0,41580.0,2.14,0.81,33768.0,13271.0,15.7,6.17,151805.0,2.95,47039.0,21.87,44569.5,0.23095,1.7277058823529412,1.8203529411764705,4.1571,12.093941176470588,10.922117647058824,0.3437341011785191,0.3806130032960641,1,0,17584.0,15251.0,2333.0,8978929,195.83627401441757
Austria,2023,155490.0,56864.0,3.0,1.1,47614.0,16410.0,19.91,6.86,212354.0,4.1,64024.0,26.77,46391.9,0.27005,1.5954117647058823,1.6421568627450982,4.8609,11.167882352941175,9.852941176470589,0.4352570922919717,0.4933450746268656,1,0,18636.0,15229.0,3407.0,9104772,204.68387346767167
Austria,2024,200603.0,74768.0,3.83,1.43,44622.0,16928.0,17.58,6.67,275371.0,5.26,61550.0,24.25,47527.9,0.2584,1.5682452830188678,1.597245283018868,4.6512,10.977716981132074,9.583471698113208,0.4236946541793926,0.4853356013891842,1,0,30421.0,24213.0,6208.0,9158750,332.1523133615395
Austria,2025,257717.0,105381.0,4.88,1.99,60651.0,28820.0,21.28,10.11,363098.0,6.87,89471.0,31.39,49029.2,0.3088499999999999,1.5192115384615386,1.5362115384615385,5.5593,10.63448076923077,9.217269230769231,0.5227617709446593,0.6031395916527921,2,0,34706.0,25585.0,9121.0,9197213,377.3534439182826
Belgia,2020,23983.0,74988.0,0.41,1.27,14996.0,33006.0,3.48,7.65,98971.0,1.68,48002.0,11.13,35850.5,0.2747,1.2775436,1.2910382,4.9446,8.9428052,7.7462292,0.5529137546236611,0.6383234826049299,1,0,8003.0,7592.0,411.0,11522440,69.45577499210236
Belgia,2021,40851.0,123435.0,0.69,2.08,21975.0,48447.0,5.74,12.65,164286.0,2.77,70422.0,18.39,38699.2,0.2848,1.4857632653061223,1.496627142857143,5.1264,10.400342857142856,8.979762857142857,0.4929068272474534,0.570883672715506,1,0,12259.0,11745.0,514.0,11554767,106.09473994585956
Belgia,2022,71651.0,182996.0,1.2,3.08,37815.0,60541.0,10.32,16.53,254647.0,4.28,98356.0,26.85,42520.4,0.3963,1.797892745098039,1.9255929411764707,7.1334,12.585249215686272,11.553557647058824,0.5668064158085101,0.6174202109785587,1,0,23830.0,22914.0,916.0,11617623,205.1194121207066
Belgia,2023,138749.0,265455.0,2.32,4.43,93382.0,100429.0,19.59,21.07,404204.0,6.75,193811.0,40.66,45367.3,0.4064,1.723139807692308,1.7680661538461535,7.3152,12.061978653846156,10.608396923076922,0.6064676625561288,0.6895669584239364,1,0,44362.0,41903.0,2459.0,11742796,377.7805558403638
Belgia,2024,254240.0,326468.0,4.18,5.36,127242.0,66383.0,28.38,14.81,580708.0,9.54,193625.0,43.19,46587.9,0.33335,1.635917358490566,1.7190833962264152,6.000299999999999,11.451421509433962,10.314500377358492,0.5239786165461472,0.5817344302174193,1,0,76819.0,72193.0,4626.0,11817096,650.0666492004466
Belgia,2025,447937.0,390212.0,7.3,6.36,142826.0,39227.0,34.43,9.46,838149.0,13.66,182053.0,43.89,47676.3,0.3535,1.5533471153846152,1.6585934615384614,6.363,10.873429807692307,9.951560769230769,0.5851879409290484,0.639397190807874,2,0,98707.0,91586.0,7121.0,11883495,830.6226408981532
Bułgaria,2020,1933.0,953.0,0.07,0.03,277.0,279.0,1.24,1.25,2886.0,0.1,556.0,2.49,17473.0,0.09895,0.9311896,0.92197,1.7811,6.518327200000001,5.531820000000001,0.27324495155751,0.321973600008677,1,0,161.0,124.0,37.0,6569275,2.450803170821742
Bułgaria,2021,3369.0,1293.0,0.12,0.05,550.0,267.0,2.24,1.09,4662.0,0.1699999999999999,817.0,3.33,19748.1,0.10575,1.075895306122449,1.0649102040816327,1.9035,7.531267142857143,6.389461224489796,0.2527463126580672,0.2979124425552791,1,0,616.0,445.0,171.0,6532117,9.430327105286082
Bułgaria,2022,6293.0,1889.0,0.22,0.07,1021.0,456.0,3.56,1.59,8182.0,0.29,1477.0,5.15,22421.2,0.1119999999999999,1.463731176470588,1.5665123529411764,2.016,10.246118235294116,9.39907411764706,0.1967574405940017,0.2144892118910836,1,0,1036.0,766.0,270.0,6482484,15.981528068561373
Bułgaria,2023,11472.0,3232.0,0.41,0.12,1754.0,338.0,4.9,0.95,14704.0,0.53,2092.0,5.8500000000000005,24254.4,0.1164999999999999,1.337706470588235,1.368307450980392,2.097,9.363945294117649,8.209844705882352,0.223944067819076,0.2554250506708732,1,0,1624.0,1165.0,459.0,6447710,25.18723701903466
Bułgaria,2024,19020.0,6235.0,0.61,0.2,1665.0,1498.0,3.96,3.56,25255.0,0.81,3163.0,7.52,26324.3,0.1202,1.3106739682646873,1.3095958704540152,2.1636,9.17471777785281,7.85757522272409,0.2358219677582665,0.2753521205553176,1,0,3020.0,1892.0,1128.0,6445481,46.85453265629051
Bułgaria,2025,21545.0,6813.0,0.68,0.22,2428.0,582.0,4.9,1.18,28358.0,0.9,3010.0,6.08,28332.0,0.13275,1.2377101245211484,1.2376186805320666,2.3895,8.663970871648038,7.425712083192399,0.2757973261220666,0.3217873213006026,2,0,4030.0,2289.0,1741.0,6437360,62.60330321746802
Chorwacja,2020,1314.0,553.0,0.08,0.03,533.0,142.0,1.48,0.39,1867.0,0.11,675.0,1.87,20213.9,0.1304,1.2038003999999998,1.1589676,2.3472000000000004,8.426602799999998,6.9538056,0.2785464149324804,0.3375417915047841,1,0,417.0,262.0,155.0,3933511,10.601216063715087
Chorwacja,2021,2977.0,1181.0,0.17,0.07,1351.0,399.0,3.01,0.89,4158.0,0.24,1750.0,3.9,23588.3,0.1301999999999999,1.4069765306122448,1.36180306122449,2.3435999999999995,9.848835714285714,8.17081836734694,0.2379570609143792,0.2868256146000912,1,0,780.0,522.0,258.0,3893026,20.03582817068265
Chorwacja,2022,4801.0,2544.0,0.26,0.14,1305.0,770.0,3.04,1.79,7345.0,0.4,2075.0,4.83,26007.8,0.14165,1.6045325490196078,1.7625360784313726,2.5497,11.231727843137255,10.575216470588236,0.2270087056603586,0.241101447624379,1,0,1093.0,767.0,326.0,3862305,28.29916332345581
Chorwacja,2023,7058.0,4534.0,0.37,0.24,1617.0,1014.0,2.87,1.8,11592.0,0.61,2631.0,4.67,29847.3,0.148,1.4909940384615386,1.5820009615384616,2.664,10.43695826923077,9.492005769230769,0.2552467808416698,0.280657225118384,1,0,1074.0,675.0,399.0,3850894,27.889627707228502
Chorwacja,2024,9987.0,8146.0,0.5,0.41,1793.0,1405.0,2.76,2.16,18133.0,0.91,3198.0,4.92,31053.1,0.14775,1.5362641509433963,1.5605849056603776,2.6595,10.753849056603777,9.363509433962266,0.2473068001979106,0.2840281220152095,1,0,1839.0,1262.0,577.0,3861967,47.61822149179421
Chorwacja,2025,12605.0,13562.0,0.62,0.66,1293.0,2529.0,1.85,3.62,26167.0,1.28,3822.0,5.470000000000001,32370.2,0.1638,1.4891153846153846,1.4763461538461538,2.9484,10.423807692307692,8.858076923076922,0.2828524937366015,0.3328487690504103,2,0,2305.0,1378.0,927.0,3874350,59.493850581387846
Cypr,2020,240.0,320.0,0.04,0.06,42.0,78.0,0.42,0.78,560.0,0.1,120.0,1.2,27194.2,0.19155,1.0802954,1.1144328,3.4479,7.5620678,6.6865968,0.4559467187004062,0.5156434735230334,1,0,47.0,46.0,1.0,902429,5.208165960978647
Cypr,2021,333.0,468.0,0.06,0.08,80.0,122.0,0.75,1.15,801.0,0.14,202.0,1.9,30382.9,0.214,1.24614693877551,1.2824634693877552,3.852,8.72302857142857,7.694780816326531,0.4415897493007016,0.5005990543391378,1,0,,60.0,,914476,
Cypr,2022,830.0,662.0,0.14,0.11,361.0,197.0,3.1,1.69,1492.0,0.25,558.0,4.79,34492.5,0.2934,1.5368096078431372,1.7430154901960784,5.2812,10.75766725490196,10.45809294117647,0.4909242752041348,0.5049869062844548,1,0,,67.0,,929764,
Cypr,2023,1449.0,1175.0,0.23,0.19,796.0,505.0,5.39,3.42,2624.0,0.42,1301.0,8.809999999999999,37400.0,0.35955,1.4478507692307694,1.5468421153846152,6.471900000000001,10.134955384615386,9.281052692307693,0.6385721253222472,0.6973239151377765,1,0,329.0,306.0,23.0,949084,34.6650033084532
Cypr,2024,2150.0,1440.0,0.33,0.22,1193.0,664.0,7.92,4.41,3590.0,0.55,1857.0,12.33,39456.4,0.3246,1.4397558490566036,1.5061507547169812,5.8428,10.078290943396226,9.036904528301887,0.5797411518297634,0.6465488245119165,1,0,512.0,475.0,37.0,966365,52.98205129531802
Cypr,2025,3569.0,2235.0,0.53,0.33,1474.0,773.0,10.07,5.28,5804.0,0.8600000000000001,2247.0,15.35,40957.0,0.2853,1.366345769230769,1.4554965384615386,5.1354,9.564420384615383,8.732979230769232,0.5369274659090082,0.5880467437625699,2,0,761.0,715.0,46.0,982966,77.41875100461257
Czechy,2020,8109.0,2816.0,0.13,0.05,3264.0,1975.0,1.61,0.97,10925.0,0.18,5239.0,2.58,29178.2,0.1818,1.0678868,1.059508,3.2724,7.475207599999999,6.357048000000001,0.437767106294145,0.5147672315829611,1,0,1031.0,631.0,400.0,10693939,9.64097513554173
Czechy,2021,9051.0,5796.0,0.15,0.1,2644.0,3779.0,1.28,1.83,14847.0,0.25,6423.0,3.1100000000000003,30502.4,0.18425,1.2819434693877552,1.221791224489796,3.3165,8.973604285714286,7.330747346938775,0.3695839368891907,0.4524095352140225,1,0,2001.0,1384.0,618.0,10494836,19.06651995324177
Czechy,2022,14195.0,9530.0,0.23,0.15,3930.0,3560.0,2.05,1.85,23725.0,0.38,7490.0,3.9,32419.7,0.2082999999999999,1.6959911764705882,1.7638409803921569,3.7494,11.871938235294117,10.58304588235294,0.3158203762257959,0.354283638347639,1,0,3817.0,2756.0,1061.0,10516707,36.29463100949755
Czechy,2023,22441.0,15683.0,0.36,0.25,7504.0,5558.0,3.39,2.51,38124.0,0.61,13062.0,5.9,34973.9,0.31705,1.5741259615384615,1.500223653846154,5.7069,11.01888173076923,9.001341923076923,0.5179200702430627,0.6340054681590425,1,0,4664.0,3389.0,1275.0,10827529,43.07538682186859
Czechy,2024,31713.0,23039.0,0.47,0.34,10876.0,5808.0,4.7,2.51,54752.0,0.81,16684.0,7.21,36255.5,0.33415,1.4879896026782085,1.4512523000535489,6.0147,10.41592721874746,8.707513800321294,0.577452191598866,0.690748259253757,1,0,6359.0,4466.0,1893.0,10900555,58.33647919761884
Czechy,2025,45549.0,35513.0,0.66,0.52,13803.0,11032.0,5.55,4.44,81062.0,1.1800000000000002,24835.0,9.99,38557.0,0.3198,1.4065505531798166,1.3736179792881618,5.756399999999999,9.845853872258717,8.24170787572897,0.5846521870712504,0.6984474682671099,2,0,7574.0,5064.0,2510.0,10909500,69.42572986846326
Dania,2020,31886.0,29025.0,1.17,1.07,14185.0,18337.0,7.16,9.25,60911.0,2.24,32522.0,16.41,40054.4,0.2825999999999999,1.4491034,1.2153067999999998,5.086799999999999,10.1437238,7.291840799999999,0.5014726445923142,0.6976016261901933,1,0,3547.0,3035.0,512.0,5822763,60.9160977357313
Dania,2021,66610.0,77943.0,2.39,2.8,24832.0,40455.0,13.4,21.82,144553.0,5.19,65287.0,35.22,44240.3,0.3174,1.6712206122448978,1.421284693877551,5.7132000000000005,11.698544285714284,8.527708163265306,0.4883684551228047,0.6699572605698065,1,0,5843.0,5386.0,457.0,5840045,100.05059892517951
Dania,2022,112674.0,105030.0,4.03,3.76,30718.0,26425.0,20.71,17.81,217704.0,7.79,57143.0,38.52,48465.5,0.5215,2.088567843137255,1.9640845098039212,9.387,14.619974901960784,11.784507058823529,0.6420667657056678,0.7965543194249758,1,0,10818.0,9899.0,919.0,5873420,184.1857044107181
Dania,2023,200110.0,123066.0,7.0,4.3,62618.0,16665.0,36.24,9.64,323176.0,11.3,79283.0,45.88,48240.3,0.3682499999999999,1.974735192307692,1.7386709615384617,6.628499999999999,13.823146346153845,10.43202576923077,0.4795217987288628,0.6353991206147842,1,0,23071.0,20896.0,2175.0,5932654,388.88160341054777
Dania,2024,344439.0,127567.0,12.02,4.45,89568.0,7092.0,51.72,4.09,472006.0,16.47,96660.0,55.81,51785.4,0.37355,1.997481172666553,1.7041064172377702,6.7239,13.982368208665871,10.224638503426622,0.4808842035666547,0.6576173815579489,1,0,35869.0,30432.0,5437.0,5961249,601.7027639677524
Dania,2025,540981.0,127850.0,18.56,4.39,126532.0,4690.0,68.53,2.54,668831.0,22.95,131222.0,71.07000000000001,53940.8,0.33985,1.9640022827933408,1.7589007919139308,6.1173,13.748015979553388,10.553404751483583,0.4449587496187012,0.5796517942837394,2,0,50338.0,41845.0,8493.0,5992734,839.9838871540102
Estonia,2020,1769.0,256.0,0.22,0.03,360.0,68.0,1.92,0.36,2025.0,0.25,428.0,2.28,25994.6,0.12635,1.25316,1.0956,2.2743,8.772120000000001,6.573599999999999,0.2592645791439241,0.3459748083242059,1,0,56.0,33.0,23.0,1328889,4.214046470397452
Estonia,2021,2260.0,420.0,0.27,0.05,503.0,164.0,2.25,0.73,2680.0,0.32,667.0,2.98,28242.8,0.16315,1.426489795918367,1.2383061224489795,2.9367,9.98542857142857,7.429836734693877,0.2940985435920913,0.3952576758903703,1,0,74.0,49.0,26.0,1330068,5.563625318404774
Estonia,2022,2989.0,644.0,0.35,0.08,712.0,424.0,3.3,1.97,3633.0,0.43,1136.0,5.27,30146.6,0.2353,1.851137254901961,1.7903921568627452,4.2354,12.957960784313729,10.74235294117647,0.3268569854854915,0.3942711641660278,1,0,147.0,92.0,56.0,1331796,11.037726498652948
Estonia,2023,4423.0,1173.0,0.5,0.13,1458.0,537.0,6.39,2.35,5596.0,0.63,1995.0,8.74,30454.9,0.2249499999999999,1.7165961538461538,1.6080192307692307,4.049099999999999,12.016173076923076,9.648115384615384,0.3369708453830654,0.4196778167119126,1,0,594.0,339.0,255.0,1365884,43.488319652327725
Estonia,2024,5743.0,2099.0,0.86,0.31,1320.0,1268.0,5.2,4.99,7842.0,1.17,2588.0,10.19,31583.4,0.2257,1.6737735849056603,1.5389245283018869,4.0626,11.716415094339622,9.23354716981132,0.3467442871636311,0.4399825901450412,1,0,1051.0,575.0,476.0,1374687,76.45376729393672
Estonia,2025,10084.0,8021.0,1.49,1.19,868.0,1403.0,6.65,10.75,18105.0,2.68,2271.0,17.4,33279.1,0.23005,1.5590192307692308,1.4396346153846156,4.1409,10.913134615384616,8.637807692307693,0.3794418511215314,0.4793924740519095,2,0,1976.0,915.0,1061.0,1369995,144.2341030441717
Finlandia,2020,9959.0,45620.0,0.28,1.26,4244.0,13231.0,4.4,13.73,55579.0,1.54,17475.0,18.130000000000003,34039.9,0.17565,1.41178,1.2552,3.1617,9.88246,7.5312,0.3199304626580831,0.4198135755258126,1,0,3642.0,3365.0,277.0,5525292,65.91506838009647
Finlandia,2021,23497.0,76990.0,0.65,2.11,10151.0,20163.0,10.31,20.48,100487.0,2.76,30314.0,30.79,36222.4,0.18035,1.6736122448979591,1.5153571428571428,3.2463,11.715285714285717,9.092142857142855,0.2770995158949846,0.357044543954749,1,0,4597.0,4070.0,527.0,5533793,83.0714123206271
Finlandia,2022,44889.0,104038.0,1.2,2.78,14529.0,16174.0,17.79,19.8,148927.0,3.98,30703.0,37.59,38350.4,0.2203999999999999,2.108627450980392,2.1218039215686275,3.9672,14.760392156862745,12.730823529411763,0.2687733467945482,0.3116216316120208,1,0,5525.0,4511.0,1014.0,5548241,99.5811104816824
Finlandia,2023,83762.0,135105.0,2.22,3.58,29671.0,18085.0,33.91,20.67,218867.0,5.800000000000001,47756.0,54.58,39690.3,0.248,1.9292307692307693,1.937942307692308,4.464,13.504615384615384,11.627653846153846,0.3305536568694464,0.3839123574767051,1,0,11247.0,8508.0,2739.0,5563970,202.1398389998508
Finlandia,2024,118297.0,166848.0,3.13,4.41,21868.0,14863.0,29.53,20.07,285145.0,7.54,36731.0,49.6,40871.6,0.2404,1.8016415094339624,1.7658113207547168,4.3272,12.611490566037736,10.594867924528302,0.343115667203763,0.4084241569431979,1,0,16726.0,12363.0,4363.0,5603851,298.47331772382955
Finlandia,2025,164705.0,187039.0,4.31,4.9,26721.0,14513.0,37.18,20.19,351744.0,9.21,41234.0,57.370000000000005,42070.4,0.2264999999999999,1.7066335530411618,1.654171026889777,4.077,11.946434871288131,9.92502616133866,0.3412733626329471,0.4107797736474787,2,0,19806.0,14452.0,5354.0,5635971,351.4212546515942
Francja,2020,245106.0,132309.0,0.64,0.34,110909.0,74587.0,6.72,4.52,377415.0,0.98,185496.0,11.239999999999998,31555.5,0.19255,1.356537,1.2604958,3.4659,9.495759,7.562974799999999,0.3649945201852742,0.4582720545360009,1,0,,,,67473651,
Francja,2021,470452.0,273600.0,1.21,0.71,162105.0,141439.0,9.77,8.53,744052.0,1.92,303544.0,18.3,33443.0,0.1984,1.5529438775510205,1.4310875510204082,3.5712,10.870607142857144,8.58652530612245,0.3285189091159975,0.415907468117939,1,0,54653.0,51022.0,3631.0,67728568,80.69416143568841
Francja,2022,690093.0,411593.0,1.76,1.05,202868.0,126166.0,13.27,8.25,1101686.0,2.81,329034.0,21.52,35145.8,0.2148,1.808916862745098,1.8445715686274509,3.8664,12.662418039215686,11.067429411764705,0.3053445232992391,0.349349415853514,1,0,83317.0,75097.0,8220.0,68091703,122.35998855837104
Francja,2023,916082.0,574602.0,2.32,1.45,296902.0,161999.0,16.73,9.13,1490684.0,3.77,458901.0,25.86,38055.1,0.24455,1.880760576923077,1.7951121153846157,4.4019,13.16532403846154,10.770672692307691,0.334355613818556,0.4086931360511765,1,0,119255.0,100767.0,18488.0,68436003,174.25769298654103
Francja,2024,1218319.0,721450.0,3.08,1.83,290748.0,146392.0,16.92,8.52,1939769.0,4.91,437140.0,25.44,39294.2,0.28865,1.8208333962264152,1.6954111320754717,5.1957,12.745833773584906,10.17246679245283,0.4076390836641715,0.5107610676944948,1,0,155931.0,125955.0,29976.0,68669303,227.07526243567668
Francja,2025,1543440.0,825313.0,3.88,2.08,327224.0,108619.0,20.05,6.65,2368753.0,5.96,435843.0,26.700000000000003,40716.0,0.2616,1.7259417999230768,1.6185617665384613,4.7088,12.081592599461535,9.711370599230769,0.3897499407660763,0.4848749156347695,2,0,186717.0,146842.0,39875.0,68882600,271.06555211330584
Grecja,2020,1104.0,2031.0,0.02,0.04,678.0,1461.0,0.84,1.81,3135.0,0.06,2139.0,2.65,18866.4,0.16575,1.44518,1.1873399999999998,2.9835000000000003,10.11626,7.124039999999999,0.2949212455986699,0.4187932689878216,1,0,291.0,286.0,6.0,10612591,2.742025957657277
Grecja,2021,3280.0,6823.0,0.06,0.12,2120.0,4811.0,2.1,4.76,10103.0,0.18,6931.0,6.859999999999999,21245.7,0.1827,1.646204081632653,1.372938775510204,3.2886,11.523428571428571,8.237632653061224,0.28538381434097,0.3992166364420133,1,0,610.0,597.0,13.0,10555344,5.779063193013889
Grecja,2022,6306.0,12269.0,0.11,0.22,2644.0,5322.0,2.51,5.05,18575.0,0.33,7966.0,7.56,24026.4,0.2269499999999999,2.051176470588235,1.869,4.0851,14.358235294117645,11.214,0.2845126797492728,0.3642857142857142,1,0,985.0,947.0,39.0,10461627,9.415361492050902
Grecja,2023,12315.0,20643.0,0.21,0.36,6050.0,8754.0,4.5,6.51,32958.0,0.57,14804.0,11.01,26263.1,0.2318,1.9020192307692307,1.6988653846153845,4.1724,13.314134615384615,10.193192307692309,0.3133812388511341,0.4093320202397528,1,0,3166.0,2950.0,216.0,10401868,30.43684076744677
Grecja,2024,17987.0,27290.0,0.3,0.45,8707.0,8344.0,5.92,5.67,45277.0,0.75,17051.0,11.59,27373.2,0.2264499999999999,1.8548490566037736,1.6276037735849056,4.076099999999999,12.983943396226415,9.765622641509434,0.3139339009429643,0.4173927408042845,1,0,7049.0,6167.0,882.0,10375764,67.9371658800258
Grecja,2025,30789.0,38323.0,0.5,0.62,8863.0,11670.0,6.15,8.09,69112.0,1.12,20533.0,14.24,28469.9,0.2343,1.7605384615384614,1.55,4.2174000000000005,12.32376923076923,9.3,0.3422167293972249,0.4534838709677419,2,0,8757.0,7195.0,1562.0,10372335,84.42650570001837
Hiszpania,2020,43203.0,43481.0,0.17,0.18,18233.0,23759.0,2.14,2.79,86684.0,0.35,41992.0,4.93,25131.2,0.22685,1.1779389999999998,1.0731152,4.0833,8.245572999999998,6.438691199999999,0.4952111878701456,0.6341816796556419,1,0,5741.0,4601.0,1140.0,47318050,12.132790763778305
Hiszpania,2021,66085.0,81355.0,0.27,0.33,24230.0,43069.0,2.82,5.01,147440.0,0.6000000000000001,67299.0,7.83,28285.0,0.25695,1.3802679591836735,1.2452332653061224,4.6251,9.661875714285715,7.471399591836734,0.4786958699087266,0.6190406420041291,1,0,8591.0,6967.0,1624.0,47400798,18.12416744545102
Hiszpania,2022,95617.0,121285.0,0.38,0.48,31412.0,47925.0,3.86,5.89,216902.0,0.86,79337.0,9.75,31781.2,0.32105,1.7809982352941176,1.79491,5.7789,12.466987647058824,10.76946,0.4635361936340205,0.5366007209275117,1,0,22090.0,18347.0,3743.0,47486843,46.51814819528011
Hiszpania,2023,150282.0,180253.0,0.59,0.71,54845.0,62171.0,5.78,6.55,330535.0,1.2999999999999998,117016.0,12.33,34768.5,0.2400499999999999,1.6360392307692306,1.560988076923077,4.3209,11.452274615384614,9.365928461538465,0.3772962267421917,0.461342409110206,1,0,30372.0,24930.0,5442.0,48085361,63.16267439481218
Hiszpania,2024,181784.0,235506.0,0.68,0.88,58856.0,58485.0,5.79,5.75,417290.0,1.56,117341.0,11.54,36413.1,0.2422,1.5777730188679244,1.4709988679245285,4.3596,11.04441113207547,8.825993207547171,0.3947335849657692,0.4939500742275753,1,0,45213.0,35982.0,9231.0,48619695,92.9931789987576
Hiszpania,2025,281653.0,360453.0,1.05,1.35,105568.0,125827.0,9.19,10.96,642106.0,2.4000000000000004,231395.0,20.15,38135.7,0.26405,1.4954922028846154,1.425459285057692,4.7529,10.468445420192309,8.552755710346153,0.4540215675989729,0.5557156267482867,2,0,46902.0,34958.0,11944.0,49128297,95.46840184588528
Holandia,2020,173797.0,98403.0,1.98,1.12,73129.0,15933.0,20.43,4.45,272200.0,3.1,89062.0,24.88,39986.8,0.1392,1.565,1.2382,2.5056,10.955,7.4292,0.2287174806024646,0.3372637699886932,1,0,64457.0,63043.0,1414.0,17407585,370.2811159618063
Holandia,2021,245091.0,138145.0,2.78,1.56,64419.0,31049.0,19.89,9.59,383236.0,4.34,95468.0,29.48,43741.8,0.136,1.8178571428571428,1.4643877551020408,2.4480000000000004,12.725,8.786326530612245,0.19237721021611,0.2786147306807888,1,0,84588.0,82900.0,1688.0,17475415,484.0400070613487
Holandia,2022,330113.0,186945.0,3.71,2.1,73126.0,34411.0,23.32,10.97,517058.0,5.8100000000000005,107537.0,34.29,48540.1,0.0877,2.0738768627450983,1.9560986274509804,1.5786,14.517138039215688,11.736591764705882,0.108740441520613,0.1345024204341114,1,0,114310.0,111556.0,2754.0,17590672,649.8330478790123
Holandia,2023,444669.0,262332.0,4.98,2.94,113587.0,46920.0,30.52,12.61,707001.0,7.92,160507.0,43.13,50216.4,0.3029,1.9220192307692308,1.71475,5.4522,13.454134615384616,10.2885,0.4052434553290024,0.5299314768916753,1,0,144450.0,140561.0,3889.0,17811291,811.0024141428041
Holandia,2024,557742.0,372538.0,6.03,4.03,132166.0,52576.0,34.45,13.71,930280.0,10.06,184742.0,48.16,53149.4,0.2353,1.9701509433962263,1.7253584905660375,4.2354,13.791056603773583,10.352150943396229,0.3071120742729086,0.4091323651633787,1,0,183000.0,177706.0,5294.0,17942942,1019.899635188031
Holandia,2025,680605.0,518145.0,7.23,5.5,156139.0,73445.0,40.2,18.91,1198750.0,12.73,229584.0,59.11,55152.1,0.24755,1.9230509615384612,1.6942886538461537,4.455900000000001,13.46135673076923,10.165731923076924,0.3310141829771845,0.4383255464257124,2,0,202833.0,196286.0,6547.0,18044027,1124.100512596218
Irlandia,2020,12720.0,5659.0,0.55,0.25,4010.0,2494.0,4.46,2.78,18379.0,0.8,6504.0,7.24,62296.2,0.25125,1.2910339999999998,1.1986684,4.522499999999999,9.037238,7.192010400000001,0.5004294453681534,0.6288227836822926,1,0,1065.0,866.0,199.0,5012600,21.246458923512748
Irlandia,2021,21440.0,17570.0,0.93,0.76,8703.0,7907.0,8.32,7.56,39010.0,1.69,16610.0,15.88,74720.4,0.27645,1.5149940816326533,1.4141591836734697,4.9761,10.604958571428572,8.484955102040818,0.469223898092954,0.5864615593314263,1,0,965.0,768.0,197.0,5066893,19.045201862364173
Irlandia,2022,36970.0,25318.0,1.57,1.07,15706.0,7783.0,14.91,7.39,62288.0,2.64,23489.0,22.3,86108.3,0.27745,1.8506117647058824,1.8928901960784312,4.9941,12.954282352941176,11.357341176470587,0.3855173033854805,0.4397243969694647,1,0,2220.0,1947.0,273.0,5154277,43.07102625644684
Irlandia,2023,59400.0,35785.0,2.5,1.5,22869.0,10348.0,18.77,8.49,95185.0,4.0,33217.0,27.26,82972.1,0.32645,1.6778269230769232,1.6601076923076925,5.8761,11.744788461538462,9.960646153846154,0.5003155245616304,0.5899316077733604,1,0,2825.0,2355.0,470.0,5271395,53.59112720636568
Irlandia,2024,72640.0,41933.0,2.87,1.65,17459.0,12538.0,14.39,10.34,114573.0,4.52,29997.0,24.73,88342.7,0.2818,1.7484169811320756,1.7002924528301888,5.0724,12.238918867924529,10.201754716981132,0.4144483720121413,0.4972085823193568,1,0,3588.0,2802.0,786.0,5351681,67.04435484850461
Irlandia,2025,95123.0,60653.0,3.76,2.4,23605.0,18917.0,18.89,15.14,155776.0,6.16,42522.0,34.03,93359.9,0.36365,1.736653846153846,1.7069653846153847,6.5457,12.156576923076925,10.241792307692307,0.5384492724735899,0.6391166510068476,2,0,3890.0,2776.0,1114.0,5440278,71.5036988918581
Islandia,2020,5499.0,9698.0,2.04,3.6,2530.0,2268.0,27.0,24.21,15197.0,5.640000000000001,4798.0,51.21,37357.2,0.12945,,,2.3301000000000003,,,,,1,0,386.0,317.0,69.0,364134,106.00493225021556
Islandia,2021,10852.0,15655.0,3.75,5.42,4266.0,4881.0,33.45,38.27,26507.0,9.17,9147.0,71.72,41216.5,0.1371,,,2.4678,,,,,1,0,744.0,666.0,78.0,368792,201.73973405063015
Islandia,2022,17716.0,20692.0,6.25,7.29,6851.0,5037.0,41.2,30.29,38408.0,13.54,11888.0,71.49000000000001,48802.5,0.1538999999999999,,,2.7702,,,,,1,0,945.0,828.0,117.0,376248,251.16412578937292
Islandia,2023,25665.0,21750.0,8.44,7.15,10063.0,2179.0,57.36,12.42,47415.0,15.59,12242.0,69.78,52215.5,0.15725,,,2.8305,,,,,1,0,1610.0,1384.0,230.0,387758,415.2074231866267
Islandia,2024,30218.0,24384.0,9.69,7.82,2661.0,1684.0,25.99,16.45,54602.0,17.509999999999998,4345.0,42.44,52398.9,0.1758,,,3.1644,,,,,1,0,2548.0,2000.0,549.0,383567,664.2907236545375
Islandia,2025,36122.0,27632.0,11.49,8.79,5999.0,2951.0,41.22,20.28,63754.0,20.28,8950.0,61.5,53168.0,0.2019,,,3.6342,,,,,2,0,3216.0,2421.0,812.0,389444,825.7926685223035
Litwa,2020,2475.0,1951.0,0.16,0.12,453.0,62.0,1.13,0.15,4426.0,0.28,515.0,1.2799999999999998,26359.5,0.13735,1.0973624,0.9957898,2.4723,7.6815368,5.974738800000001,0.3218496590421854,0.4137921477002476,1,0,123.0,70.0,53.0,2809977,4.377260027395242
Litwa,2021,4831.0,3206.0,0.3,0.2,1134.0,70.0,3.61,0.22,8037.0,0.5,1204.0,3.83,29277.0,0.14125,1.282711224489796,1.1795610204081632,2.5424999999999995,8.978978571428572,7.0773661224489794,0.2831613840899815,0.3592438141550064,1,0,127.0,71.0,56.0,2810761,4.518349301132327
Litwa,2022,7305.0,4942.0,0.44,0.3,1318.0,740.0,5.16,2.9,12247.0,0.74,2058.0,8.06,31269.3,0.1963,1.7080682352941177,1.750246274509804,3.5334,11.956477647058824,10.501477647058824,0.2955218170686901,0.3364669352973968,1,0,428.0,371.0,57.0,2805998,15.253040094825442
Litwa,2023,11424.0,7530.0,0.66,0.44,2034.0,787.0,7.4,2.86,18954.0,1.1,2821.0,10.26,32931.3,0.25215,1.5201973076923074,1.496455,4.5387,10.641381153846153,8.97873,0.4265141840502124,0.5054946523617482,1,0,1313.0,1039.0,274.0,2857279,45.952810348586894
Litwa,2024,15983.0,12291.0,0.92,0.71,2003.0,1685.0,6.65,5.6,28274.0,1.63,3688.0,12.25,34935.9,0.22295,1.45379,1.4563084905660375,4.0131000000000006,10.17653,8.737850943396227,0.3943485647858357,0.459277690360805,1,0,2947.0,1707.0,1240.0,2885891,102.11750894264544
Litwa,2025,19876.0,17272.0,1.13,0.98,3138.0,4395.0,7.48,10.47,37148.0,2.11,7533.0,17.950000000000003,36174.4,0.2032,1.4228428846153849,1.5072192307692307,3.6576,9.959900192307693,9.043315384615385,0.3672325956463766,0.4044534381961687,2,0,4713.0,2744.0,1969.0,2890664,163.0421245776057
Luksemburg,2020,4444.0,4526.0,1.03,1.05,2525.0,2833.0,5.59,6.27,8970.0,2.08,5358.0,11.86,77888.8,0.19855,1.07772,0.97104,3.5739,7.54404,5.82624,0.4737382092353699,0.613414483440435,1,0,1065.0,1053.0,12.0,626108,170.09844946878175
Luksemburg,2021,8528.0,7833.0,1.94,1.78,4686.0,4728.0,10.56,10.66,16361.0,3.72,9414.0,21.22,87098.2,0.19885,1.3314489795918367,1.2238163265306123,3.5793,9.320142857142857,7.342897959183674,0.38403917781763,0.4874505978288058,1,0,1027.0,1020.0,14.0,634730,161.80108077450254
Luksemburg,2022,13909.0,10671.0,3.1,2.38,6658.0,3951.0,15.82,9.39,24580.0,5.48,10609.0,25.21,90395.4,0.20295,1.676313725490196,1.7448235294117649,3.6531,11.734196078431372,10.468941176470588,0.3113208587603852,0.3489464634886386,1,0,2358.0,2252.0,108.0,645397,365.3565169965153
Luksemburg,2023,23267.0,14141.0,5.1,3.1,11380.0,5053.0,23.15,10.28,37408.0,8.2,16433.0,33.43,95129.1,0.20115,1.5698076923076925,1.534576923076923,3.6207,10.988653846153849,9.20746153846154,0.3294944085682784,0.393235419434071,1,0,2322.0,2143.0,180.0,660809,351.3874659697431
Luksemburg,2024,32061.0,17147.0,6.95,3.72,12778.0,3962.0,27.37,8.49,49208.0,10.67,16740.0,35.86,97690.2,0.20265,1.5372641509433964,1.483433962264151,3.6477,10.760849056603774,8.900603773584907,0.3389788278613071,0.4098261300908142,1,0,2651.0,2310.0,341.0,672050,394.46469756714527
Luksemburg,2025,39182.0,18318.0,8.49,3.97,12691.0,3750.0,26.91,7.95,57500.0,12.46,16441.0,34.86,99621.3,0.2665,1.4790384615384615,1.4358653846153846,4.797000000000001,10.35326923076923,8.615192307692308,0.4633319092817208,0.5568070715864194,2,0,3238.0,2729.0,509.0,681973,474.7988556731718
Malta,2020,1293.0,637.0,0.42,0.21,137.0,33.0,1.23,0.3,1930.0,0.63,170.0,1.53,31931.9,0.1292499999999999,1.3708,1.2408,2.3265,9.5956,7.444799999999999,0.2424548751511108,0.3124999999999999,1,0,,97.0,,514855,
Malta,2021,1783.0,714.0,0.57,0.23,155.0,95.0,1.5,0.92,2497.0,0.7999999999999999,250.0,2.42,36291.8,0.13015,1.34,1.21,2.3427,9.38,7.26,0.2497547974413645,0.3226859504132231,1,0,,95.0,,516125,
Malta,2022,2803.0,2716.0,0.88,0.85,186.0,101.0,1.94,1.05,5519.0,1.73,287.0,2.99,37451.1,0.1291,1.34,1.21,2.3238,9.38,7.26,0.2477398720682302,0.3200826446280991,1,0,,12.0,,520174,
Malta,2023,4364.0,3706.0,1.35,1.15,982.0,911.0,14.95,13.87,8070.0,2.5,1893.0,28.82,41830.7,0.127,1.34,1.21,2.286,9.38,7.26,0.2437100213219616,0.3148760330578513,1,0,,101.0,,542051,
Malta,2024,7297.0,4675.0,2.2,1.41,3456.0,548.0,44.14,7.0,11972.0,3.61,4004.0,51.14,43805.0,0.12875,1.34,1.21,2.3175,9.38,7.26,0.2470682302771854,0.3192148760330578,1,0,,120.0,4.0,563443,
Malta,2025,9805.0,5074.0,2.92,1.51,2448.0,420.0,37.85,6.49,14879.0,4.43,2868.0,44.34,45952.5,0.1271499999999999,1.34,1.21,2.2886999999999995,9.38,7.26,0.2439978678038379,0.3152479338842974,2,0,113.0,109.0,4.0,574250,19.67784066173269
Niemcy,2020,309083.0,279651.0,0.64,0.58,191330.0,199606.0,6.56,6.84,588734.0,1.22,390936.0,13.4,38270.8,0.30245,1.2886,1.11024,5.4441,9.0202,6.661440000000001,0.6035453759340148,0.8172557284911369,1,0,41199.0,36132.0,5067.0,83166711,49.53784934455326
Niemcy,2021,618460.0,565742.0,1.27,1.17,351332.0,322424.0,13.4,12.3,1184202.0,2.44,673756.0,25.700000000000003,40874.4,0.32135,1.5828979591836736,1.3888979591836734,5.7843,11.080285714285717,8.333387755102041,0.5220352750058018,0.6941114670271541,1,0,57974.0,51041.0,6933.0,83155031,69.71797052183169
Niemcy,2022,1013009.0,864547.0,2.07,1.77,464322.0,359566.0,17.51,13.56,1877556.0,3.84,823888.0,31.07,43577.4,0.3318,1.9233529411764705,1.9543921568627447,5.9724,13.463470588235293,11.72635294117647,0.4436003303055326,0.5093143648293437,1,0,83816.0,70997.0,12819.0,83237124,100.6954541101156
Niemcy,2023,1408681.0,921777.0,2.87,1.88,520074.0,173833.0,18.28,6.11,2330458.0,4.75,693907.0,24.39,45519.2,0.40725,1.8500769230769232,1.7277307692307693,7.3305,12.950538461538462,10.366384615384616,0.5660382401682139,0.7071414260590814,1,0,120612.0,97704.0,22908.0,83118501,145.10848794060902
Niemcy,2024,1651643.0,967423.0,3.35,1.96,379472.0,190844.0,13.47,6.77,2619066.0,5.3100000000000005,570316.0,20.24,47008.3,0.3947,1.7916603773584907,1.647,7.1046,12.541622641509434,9.882,0.5664817227465977,0.7189435336976321,1,0,159958.0,124484.0,35474.0,83456045,191.66736214255064
Niemcy,2025,2034260.0,1122958.0,4.11,2.27,545176.0,311317.0,19.08,10.89,3157218.0,6.380000000000001,856493.0,29.97,48621.8,0.3852,1.736826923076923,1.6054230769230768,6.9336,12.157788461538464,9.63253846153846,0.5703010890454836,0.7198102584988382,2,0,200830.0,150477.0,50353.0,83577140,240.2929796353405
Norwegia,2020,340002.0,146153.0,11.58,4.98,76734.0,28825.0,54.27,20.38,486155.0,16.560000000000002,105559.0,74.65,44580.4,0.13385,,,2.4093000000000004,,,,,1,0,13823.0,10199.0,3624.0,5367580,257.52760089276734
Norwegia,2021,460734.0,184503.0,15.34,6.14,113613.0,38163.0,64.45,21.65,645237.0,21.48,151776.0,86.1,58819.5,0.2016,,,3.6288,,,,,1,0,17437.0,13081.0,4356.0,5391369,323.42434732254463
Norwegia,2022,599169.0,198841.0,19.58,6.5,138287.0,16129.0,79.33,9.25,798010.0,26.08,154416.0,88.58,80200.6,0.2148,,,3.8664,,,,,1,0,20705.0,15082.0,5623.0,5425270,381.63999211099167
Norwegia,2023,689169.0,207021.0,23.95,7.19,103946.0,10136.0,81.88,7.98,896190.0,31.14,114082.0,89.86,67311.7,0.1892499999999999,,,3.4064999999999994,,,,,1,0,24623.0,16776.0,7847.0,5488984,448.5893928639617
Norwegia,2024,788750.0,208168.0,27.38,7.23,113434.0,3496.0,88.15,2.72,996918.0,34.61,116930.0,90.87,66273.8,0.19475,,,3.5055,,,,,1,0,30224.0,20353.0,9871.0,5550203,544.5566585582545
Norwegia,2025,945182.0,208312.0,32.86,7.24,172124.0,2751.0,95.82,1.53,1153494.0,40.1,174875.0,97.35,66164.8,0.1954,,,3.5172000000000003,,,,,2,0,26949.0,15725.0,11224.0,5594340,481.7190231555465
Polska,2020,9772.0,5919.0,0.04,0.02,3673.0,4362.0,0.86,1.02,15691.0,0.06,8035.0,1.88,23916.5,0.14925,1.0003166,1.0063618,2.6865,7.0022162,6.0381708,0.383664246185372,0.444919511054573,1,0,1586.0,1161.0,425.0,37958138,4.178287143589604
Polska,2021,18132.0,15634.0,0.07,0.06,7167.0,9153.0,1.6,2.04,33766.0,0.13,16320.0,3.64,26197.3,0.1561,1.200451020408163,1.1814379591836734,2.8098,8.403157142857143,7.08862775510204,0.3343743252961046,0.3963813726821311,1,0,2510.0,1986.0,524.0,37073357,6.770360720233671
Polska,2022,30841.0,26415.0,0.12,0.1,11278.0,10730.0,2.69,2.56,57256.0,0.22,22008.0,5.25,28144.8,0.1533999999999999,1.42065568627451,1.5370623529411764,2.7612,9.94458980392157,9.22237411764706,0.2776585112551492,0.2994022975837024,1,0,3449.0,2597.0,852.0,36889761,9.349477758882744
Polska,2023,51364.0,47137.0,0.19,0.17,17083.0,13030.0,3.6,2.74,98501.0,0.36,30113.0,6.34,29519.6,0.19655,1.434791346153846,1.4543546153846154,3.5379,10.043539423076922,8.726127692307692,0.3522562964079186,0.4054375691887652,1,0,6091.0,4477.0,1614.0,36753736,16.572464905336428
Polska,2024,72589.0,68866.0,0.32,0.3,16564.0,14902.0,3.0,2.7,141455.0,0.62,31466.0,5.7,31463.0,0.22835,1.4792328917924888,1.4952426336870792,4.1103,10.354630242547422,8.971455802122476,0.3969528514027163,0.4581530679811832,1,0,9555.0,6549.0,3006.0,36620970,26.091608168762324
Polska,2025,102710.0,100245.0,0.44,0.43,43311.0,34137.0,7.25,5.71,202955.0,0.87,77448.0,12.96,33816.5,0.2633999999999999,1.4021514326262003,1.4275658536184723,4.741199999999999,9.815060028383405,8.565395121710836,0.4830535917548435,0.5535296308727672,2,0,14521.0,8398.0,6123.0,36497495,39.78629218251828
Portugalia,2020,33882.0,31007.0,0.61,0.56,7849.0,11858.0,5.4,8.15,64889.0,1.17,19707.0,13.55,22782.1,0.21265,1.3887,1.24422,3.8277,9.7209,7.46532,0.3937598370521248,0.5127308675314655,1,0,2353.0,2048.0,305.0,10375395,22.67865464399187
Portugalia,2021,50138.0,48004.0,0.89,0.85,13258.0,15731.0,9.04,10.73,98142.0,1.74,28989.0,19.77,24550.2,0.21295,1.6216734693877553,1.426489795918367,3.8331,11.351714285714287,8.558938775510203,0.3376670609851249,0.4478475778992246,1,0,3686.0,3094.0,592.0,10394297,35.461753690509326
Portugalia,2022,68320.0,65729.0,1.16,1.12,17806.0,16042.0,11.39,10.26,134049.0,2.28,33848.0,21.65,27841.5,0.22105,1.8472941176470588,1.7959607843137255,3.9789,12.931058823529412,10.775764705882352,0.3077010207980785,0.3692452562394917,1,0,6533.0,5223.0,1310.0,10599117,61.63720996758504
Portugalia,2023,106424.0,97356.0,1.79,1.64,36361.0,26374.0,18.21,13.21,203780.0,3.43,62735.0,31.42,31107.5,0.2185,1.7190961538461538,1.5893846153846154,3.933,12.033673076923076,9.536307692307693,0.3268328776142587,0.412423773110057,1,0,7305.0,5582.0,1723.0,10929704,66.83621075191057
Portugalia,2024,166760.0,131340.0,2.73,2.15,42065.0,27630.0,20.06,13.18,298100.0,4.88,69695.0,33.239999999999995,32937.1,0.2526,1.7157358490566037,1.5805283018867924,4.5468,12.010150943396226,9.483169811320757,0.3785797548614537,0.4794599369687709,1,0,12119.0,8809.0,3310.0,11204347,108.16337623245693
Portugalia,2025,243954.0,167325.0,3.9,2.68,52345.0,34113.0,23.26,15.16,411279.0,6.58,86458.0,38.42,33825.0,0.24125,1.7067307692307694,1.5775,4.3425,11.947115384615383,9.465,0.363476861167002,0.4587955625990492,2,0,15647.0,10654.0,4993.0,11387222,137.4084039109802
Rumunia,2020,5563.0,1847.0,0.08,0.03,2844.0,1049.0,2.25,0.83,7410.0,0.11,3893.0,3.08,21808.9,0.1454,0.952622,0.9648016,2.6172,6.668354,5.7888096,0.3924806631441582,0.4521136780867693,1,0,477.0,326.0,151.0,19328838,2.4678151888903
Rumunia,2021,11883.0,4840.0,0.16,0.06,6342.0,3009.0,5.26,2.49,16723.0,0.22,9351.0,7.75,23919.2,0.1568999999999999,1.1607430612244898,1.1437138775510205,2.8242,8.125201428571428,6.862283265306123,0.3475852290958589,0.4115539814974416,1,0,1097.0,810.0,287.0,19201662,5.713047131024387
Rumunia,2022,23474.0,8321.0,0.3,0.1,11556.0,3309.0,8.94,2.56,31795.0,0.4,14865.0,11.5,25908.1,0.28865,1.5354631372549017,1.670171176470588,5.1957,10.748241960784313,10.021027058823528,0.4833999847562851,0.5184797894967442,1,0,1479.0,1067.0,412.0,19043098,7.766593439785901
Rumunia,2023,38553.0,10205.0,0.46,0.12,15221.0,2921.0,10.53,2.02,48758.0,0.5800000000000001,18142.0,12.55,28715.8,0.1901,1.3713882692307693,1.4475028846153846,3.4218,9.599717884615384,8.685017307692307,0.3564479749434944,0.3939888521545393,1,0,2723.0,1817.0,937.0,19055228,14.290041557099183
Rumunia,2024,49594.0,16900.0,0.59,0.2,9802.0,6801.0,6.49,4.5,66494.0,0.79,16603.0,10.99,30769.5,0.1873,1.438940350289594,1.4629659651965223,3.3714,10.07258245202716,8.777795791179134,0.3347105884768894,0.3840827561046638,1,0,4566.0,2660.0,1906.0,19067576,23.946410387980094
Rumunia,2025,58322.0,19622.0,0.67,0.22,8881.0,5478.0,5.66,3.49,77944.0,0.89,14359.0,9.15,32353.1,0.2405499999999999,1.451813889157883,1.4962994195172274,4.329899999999999,10.16269722410518,8.977796517103364,0.4260581521340408,0.4822898349000471,2,0,7112.0,3576.0,3536.0,19043151,37.34676052298278
Szwecja,2020,55790.0,122290.0,1.13,2.47,27897.0,65831.0,9.55,22.54,178080.0,3.6,93728.0,32.09,36665.9,0.19655,1.3490638,1.3765388,3.5379,9.4434466,8.2592328,0.3746407588093948,0.4283569776602011,1,0,14327.0,12961.0,1366.0,10327589,138.72550505253452
Szwecja,2021,110177.0,189498.0,2.21,3.8,57454.0,77842.0,19.09,25.86,299675.0,6.01,135296.0,44.95,39670.2,0.2359,1.609869183673469,1.6770442857142858,4.2462,11.269084285714284,10.062265714285717,0.376800802296143,0.421992433967584,1,0,18423.0,17000.0,1423.0,10379295,177.4976046060932
Szwecja,2022,197709.0,239531.0,3.97,4.81,94603.0,66485.0,32.84,23.08,437240.0,8.78,161088.0,55.92,40905.8,0.2509,1.9390135294117647,2.2955378431372546,4.5162,13.573094705882353,13.773227058823528,0.3327317828293613,0.3278970121317205,1,0,24357.0,21891.0,2466.0,10452326,233.02947114355217
Szwecja,2023,291678.0,272342.0,5.86,5.47,111338.0,61186.0,38.42,21.11,564020.0,11.33,172524.0,59.53,42508.5,0.2421499999999999,1.739945576923077,2.0233971153846158,4.3587,12.17961903846154,12.140382692307693,0.3578683361306977,0.359024926188013,1,0,37166.0,32413.0,4753.0,10521556,353.2367265830263
Szwecja,2024,358260.0,313546.0,7.2,6.3,94333.0,62751.0,34.99,23.28,671806.0,13.5,157084.0,58.27,44772.2,0.23925,1.5756530334826546,1.5756488782027895,4.306500000000001,11.029571234378585,9.453893269216737,0.3904503546408831,0.4555266150531439,1,0,53778.0,45231.0,8547.0,10551707,509.66161209745496
Szwecja,2025,432709.0,373812.0,8.59,7.42,99862.0,73197.0,36.58,26.81,806521.0,16.009999999999998,173059.0,63.39,46343.6,0.26825,1.4351351264890069,1.5093700286864589,4.8285,10.045945885423048,9.056220172118753,0.4806416493847822,0.5331694579230118,2,0,62517.0,51941.0,10576.0,10587710,590.4676270883883
Słowacja,2020,1863.0,1643.0,0.08,0.07,907.0,811.0,1.19,1.06,3506.0,0.15,1718.0,2.25,22561.3,0.1704999999999999,1.17968,1.06536,3.069,8.257760000000001,6.392159999999999,0.3716504233593613,0.4801193962604191,1,0,425.0,238.0,187.0,5457873,7.786916258403228
Słowacja,2021,2999.0,2655.0,0.12,0.11,1136.0,1012.0,1.5,1.34,5654.0,0.2299999999999999,2148.0,2.84,24479.7,0.1646,1.3849183673469387,1.238204081632653,2.9628,9.69442857142857,7.429224489795917,0.3056188385081269,0.3988034018987342,1,0,1241.0,1030.0,211.0,5459781,22.72984942070021
Słowacja,2022,4528.0,4215.0,0.18,0.17,1508.0,1626.0,1.91,2.06,8743.0,0.35,3134.0,3.97,25517.5,0.184,1.69078431372549,1.7159803921568628,3.312,11.83549019607843,10.295882352941176,0.2798363181524494,0.3216819973718791,1,0,2232.0,1704.0,528.0,5434712,41.06933357278178
Słowacja,2023,7896.0,7145.0,0.3,0.27,2516.0,2862.0,2.86,3.25,15041.0,0.5700000000000001,5378.0,6.109999999999999,28487.6,0.19175,1.5921346153846154,1.5530576923076924,3.4515,11.144942307692308,9.318346153846154,0.309692047272219,0.3703983456952167,1,0,2380.0,1690.0,690.0,5428792,43.84032396157377
Słowacja,2024,14612.0,10904.0,0.54,0.4,2227.0,2174.0,2.34,2.29,25516.0,0.94,4401.0,4.63,29808.2,0.1788,1.572811320754717,1.5003584905660377,3.2184000000000004,11.00967924528302,9.002150943396225,0.2923245925969087,0.3575145562695708,1,0,3248.0,2193.0,1055.0,5424687,59.87442224777208
Słowacja,2025,18895.0,14135.0,0.68,0.51,4377.0,4085.0,4.7,4.39,33030.0,1.19,8462.0,9.09,31138.8,0.187,1.5205384615384614,1.4630961538461538,3.366,10.64376923076923,8.778576923076923,0.3162413546386835,0.3834334459326244,2,0,4179.0,2632.0,1547.0,5419451,77.11113173640652
Słowenia,2020,3670.0,792.0,0.31,0.07,1667.0,118.0,3.12,0.22,4462.0,0.38,1785.0,3.3400000000000003,26676.9,0.1571,1.0673118,1.0616052,2.8278000000000003,7.4711826,6.369631200000001,0.3784942962041913,0.4439503499040886,1,0,363.0,293.0,70.0,2095861,17.319850887057875
Słowenia,2021,5413.0,1088.0,0.46,0.09,1688.0,284.0,3.13,0.53,6501.0,0.55,1972.0,3.66,29298.0,0.16865,1.222658775510204,1.2760242857142858,3.0357,8.558611428571428,7.656145714285715,0.3546953878366117,0.3965049926277712,1,0,1247.0,1067.0,180.0,2108977,59.12819343217114
Słowenia,2022,7977.0,1546.0,0.66,0.13,2319.0,626.0,5.0,1.35,9523.0,0.79,2945.0,6.35,32351.9,0.1673,1.493333137254902,1.6367472549019608,3.0114,10.453331960784316,9.820483529411764,0.2880803949685392,0.3066447788422062,1,0,1601.0,1371.0,230.0,2107180,75.9783217380575
Słowenia,2023,12743.0,2523.0,1.04,0.21,4338.0,1074.0,8.86,2.19,15266.0,1.25,5412.0,11.05,35110.5,0.2015,1.449540576923077,1.5433894230769232,3.627,10.146784038461538,9.26033653846154,0.3574531581880329,0.3916704306518184,1,0,1608.0,1346.0,262.0,2116972,75.95754691134319
Słowenia,2024,16969.0,3223.0,1.34,0.25,3148.0,1143.0,5.98,2.17,20192.0,1.59,4291.0,8.15,36150.6,0.2045,1.493025283018868,1.5258473584905663,3.681,10.451176981132075,9.1550841509434,0.352209134592731,0.4020716728879752,1,0,2156.0,1763.0,393.0,2123949,101.5090287007833
Słowenia,2025,22563.0,5213.0,1.75,0.41,6419.0,1939.0,11.15,3.37,27776.0,2.16,8358.0,14.52,38052.2,0.19655,1.4690328846153848,1.5096344230769232,3.5379,10.283230192307697,9.05780653846154,0.344045590134363,0.3905912524160523,2,0,2545.0,2041.0,504.0,2130850,119.43590585916418
Turcja,2020,2797.0,1026.0,0.02,0.01,891.0,398.0,0.12,0.05,3823.0,0.03,1289.0,0.1699999999999999,17889.0,0.09085,,,1.6353,,,,,1,0,1356.0,1320.0,37.0,83154997,1.630689734737168
Turcja,2021,6267.0,1795.0,0.05,0.01,2968.0,915.0,0.42,0.13,8062.0,0.06,3883.0,0.55,19620.1,0.0811,,,1.4598,,,,,1,0,2234.0,2097.0,137.0,83614362,2.6717898056795555
Turcja,2022,14552.0,2346.0,0.1,0.02,7042.0,543.0,1.01,0.08,16898.0,0.12,7585.0,1.09,23418.1,0.0899,,,1.6182,,,,,1,0,2514.0,2206.0,326.0,84680273,2.9688142361090404
Turcja,2023,80043.0,5906.0,0.53,0.04,65708.0,2651.0,8.46,0.34,85949.0,0.5700000000000001,68359.0,8.8,25721.4,0.0702,,,1.2636,,,,,1,0,10057.0,6967.0,3090.0,85279553,11.792979261980888
Turcja,2024,183151.0,19543.0,1.13,0.12,96497.0,14300.0,9.84,1.46,202694.0,1.25,110797.0,11.3,27621.2,0.0554,,,0.9972,,,,,1,0,11853.0,6274.0,5579.0,85372377,13.883881902456576
Węgry,2020,11012.0,5856.0,0.28,0.15,2975.0,2982.0,2.32,2.33,16868.0,0.43,5957.0,4.65,22731.5,0.102,1.022405,1.0555258,1.836,7.156835,6.333154800000001,0.2565379808253229,0.2899029090525309,1,0,1217.0,1049.0,168.0,9689376,12.560148352174586
Węgry,2021,18823.0,8002.0,0.47,0.2,4312.0,4182.0,3.54,3.43,26825.0,0.6699999999999999,8494.0,6.970000000000001,24805.4,0.10065,1.2363522448979594,1.248298367346939,1.8117,8.654465714285715,7.489790204081634,0.2093370127990074,0.2418892853651223,1,0,2634.0,2297.0,337.0,9651461,27.2912049274198
Węgry,2022,29836.0,9945.0,0.72,0.24,4710.0,4872.0,4.22,4.37,39781.0,0.96,9582.0,8.59,27305.6,0.1016,1.289545882352941,1.4781660784313726,1.8288,9.026821176470587,8.868996470588236,0.2025962367313723,0.2062014576355677,1,0,3329.0,2868.0,461.0,9610403,34.63954633328072
Węgry,2023,41212.0,11679.0,0.98,0.28,6090.0,5447.0,5.66,5.06,52891.0,1.26,11537.0,10.72,28968.6,0.11445,1.5836482692307694,1.6188419230769229,2.0601,11.085537884615386,9.713051538461537,0.1858367200078785,0.2120960639241395,1,0,3317.0,2742.0,575.0,9599744,34.55300474679325
Węgry,2024,65449.0,12620.0,1.54,0.3,8565.0,5695.0,7.04,4.68,78069.0,1.84,14260.0,11.72,30445.5,0.1063,1.533441165446103,1.5696377297996194,1.9134,10.734088158122722,9.417826378797717,0.1782545449426077,0.2031678991563938,1,0,4175.0,3170.0,1005.0,9584627,43.55933725955116
Węgry,2025,94009.0,12668.0,2.15,0.29,11002.0,7136.0,8.5,5.51,106677.0,2.44,18138.0,14.01,31719.3,0.1061,1.4834297523705224,1.5107649818510205,1.9098,10.384008266593655,9.064589891106124,0.1839174190706307,0.2106879652518899,2,0,5083.0,3580.0,1503.0,9539502,53.28370390823336
Włochy,2020,53079.0,44212.0,0.13,0.11,32477.0,27402.0,2.35,1.99,97291.0,0.24,59879.0,4.34,28386.4,0.2189499999999999,1.4319976,1.317785,3.9411,10.0239832,7.90671,0.3931670595776736,0.4984500506531793,1,0,11564.0,10519.0,1045.0,59641488,19.389187607123414
Włochy,2021,118034.0,114589.0,0.3,0.29,67356.0,70378.0,4.62,4.83,232623.0,0.59,137734.0,9.45,31782.5,0.23095,1.6250157142857145,1.4860389795918367,4.1571,11.37511,8.91623387755102,0.365455806581211,0.4662394523394681,1,0,21365.0,19865.0,1500.0,59236213,36.06746433976122
Włochy,2022,158131.0,183055.0,0.4,0.46,49407.0,69806.0,3.75,5.3,341186.0,0.8600000000000001,119213.0,9.05,35348.2,0.3378,1.813873137254902,1.815353921568628,6.0804,12.697111960784314,10.892123529411766,0.4788805532139615,0.5582382520342546,1,0,30855.0,27561.0,3294.0,59030133,52.26991441811592
Włochy,2023,219540.0,252640.0,0.55,0.63,66294.0,68814.0,4.23,4.4,472180.0,1.1800000000000002,135108.0,8.63,37697.0,0.35645,1.8664192307692309,1.7947709615384615,6.4161,13.064934615384615,10.76862576923077,0.4910931580510721,0.5958141862755361,1,0,41113.0,35195.0,5918.0,58997201,69.68635681546995
Włochy,2024,277365.0,286737.0,0.67,0.69,66227.0,52161.0,4.25,3.35,564102.0,1.36,118388.0,7.6,39068.5,0.31925,1.8205828301886795,1.7170041509433964,5.746500000000001,12.744079811320756,10.302024905660378,0.4509152551677603,0.5578029613229362,1,0,58189.0,47803.0,10386.0,58971230,98.67353962262617
Włochy,2025,372693.0,383258.0,0.89,0.91,94618.0,96995.0,6.2,6.36,755951.0,1.8,191613.0,12.56,39949.2,0.3128499999999999,1.7332932692307692,1.6531128846153844,5.6313,12.133052884615385,9.918677307692306,0.4641288596986537,0.5677470720448498,2,0,70039.0,55484.0,14555.0,58943464,118.82403110886052
Łotwa,2020,1205.0,196.0,0.16,0.03,297.0,90.0,2.14,0.65,1401.0,0.19,387.0,2.79,20911.4,0.1426,1.1444834000000002,1.046805,2.5668,8.0113838,6.28083,0.3203940872237328,0.4086721022540015,1,0,266.0,145.0,121.0,1907675,13.943674892211725
Łotwa,2021,2106.0,338.0,0.28,0.04,421.0,140.0,2.94,0.98,2444.0,0.32,561.0,3.92,23542.2,0.1644499999999999,1.3378542857142857,1.2297677551020407,2.9601,9.36498,7.378606530612244,0.3160818282580422,0.401173309312427,1,0,359.0,204.0,155.0,1893223,18.962372631222
Łotwa,2022,3832.0,568.0,0.49,0.07,1068.0,275.0,6.38,1.64,4400.0,0.56,1343.0,8.02,24939.3,0.23755,1.7780054901960785,1.7719703921568628,4.2759,12.44603843137255,10.631822352941176,0.3435551017761443,0.4021794061313599,1,0,506.0,327.0,179.0,1875757,26.975775646845516
Łotwa,2023,6369.0,856.0,0.8,0.11,1800.0,396.0,9.48,2.09,7225.0,0.91,2196.0,11.57,26755.5,0.2914,1.642123653846154,1.5944932692307692,5.2452,11.494865576923075,9.566959615384617,0.4563080764102353,0.5482619568671745,1,0,534.0,296.0,239.0,1895239,28.175865946194648
Łotwa,2024,9410.0,1390.0,1.19,0.18,1293.0,790.0,7.52,4.6,10800.0,1.37,2083.0,12.12,27536.5,0.2476999999999999,1.6306892452830188,1.5915243396226415,4.4586,11.414824716981132,9.549146037735849,0.3905973250178091,0.4669108611786564,1,0,1157.0,676.0,481.0,1878575,61.589236522364025
Łotwa,2025,11025.0,4022.0,1.38,0.5,1628.0,2773.0,7.23,12.32,15047.0,1.88,4401.0,19.55,29518.5,0.2445999999999999,1.5549219230769231,1.5221976923076923,4.4028,10.88445346153846,9.133186153846154,0.4045035440279871,0.4820661624361942,2,0,2051.0,883.0,1168.0,1860565,110.23533174062716
