panstwo,rok,cena_energii_eur_kwh,cena_benzyny_eur_litr,cena_diesla_eur_litr,koszt_100_km_ev,koszt_100_km_benzyna,koszt_100_km_diesel,relacja_kosztu_ev_do_benzyny,relacja_kosztu_ev_do_diesla
Austria,2008,0.17754999999999999,1.2156938775510204,1.2449183673469388,3.1959,8.509857142857143,7.469510204081633,0.3755527203746915,0.4278593793544368
Austria,2009,0.1909,1.04486,0.9738600000000001,3.4362,7.314019999999999,5.84316,0.46981003606771654,0.5880722075041587
Austria,2010,0.19485000000000002,1.1874897959183672,1.1038979591836735,3.5073000000000003,8.31242857142857,6.623387755102041,0.42193445271280533,0.5295326394409422
Austria,2011,0.19755,1.3574081632653061,1.3289795918367346,3.5559000000000003,9.501857142857142,7.973877551020408,0.37423210500202975,0.44594364250614255
Austria,2012,0.19995000000000002,1.4497755102040817,1.4100408163265306,3.5991000000000004,10.148428571428571,8.460244897959184,0.35464603949942997,0.4254132171597291
Austria,2013,0.20500000000000002,1.3929795918367347,1.3573265306122448,3.6900000000000004,9.750857142857143,8.14395918367347,0.37842827004219415,0.4530965733960817
Austria,2014,0.2004,1.3496938775510205,1.3011632653061225,3.6071999999999997,9.447857142857144,7.806979591836734,0.38180086187344064,0.46204808883730414
Austria,2015,0.1996,1.2020816326530612,1.1219183673469388,3.5928,8.414571428571428,6.7315102040816335,0.42697361719466237,0.5337286717357296
Austria,2016,0.2022,1.11142,1.03024,3.6395999999999997,7.779940000000001,6.18144,0.4678185178806005,0.5887948439198633
Austria,2017,0.19640000000000002,1.17744,1.1053199999999999,3.5352000000000006,8.24208,6.631919999999999,0.4289208549298236,0.5330582998588645
Austria,2018,0.1989,1.26434,1.22296,3.5802,8.85038,7.33776,0.40452500344617975,0.48791456793353827
Austria,2019,0.2054,1.238204081632653,1.2057755102040817,3.6972,8.667428571428571,7.23465306122449,0.4265625,0.511040400792106
Austria,2020,0.2139,1.08368,1.05006,3.8502,7.58576,6.3003599999999995,0.5075562633144207,0.611107936689332
Austria,2021,0.22505,1.2833673469387754,1.2372244897959184,4.0509,8.983571428571429,7.42334693877551,0.45092311362010024,0.5456972486144102
Austria,2022,0.23095,1.7277058823529412,1.8203529411764705,4.1571,12.093941176470588,10.922117647058823,0.3437341011785191,0.3806130032960641
Austria,2023,0.27005,1.5954117647058825,1.6421568627450982,4.8609,11.167882352941177,9.852941176470589,0.4352570922919717,0.49334507462686567
Austria,2024,0.2584,1.5682452830188678,1.597245283018868,4.6512,10.977716981132074,9.583471698113208,0.4236946541793926,0.48533560138918425
Austria,2025,0.30884999999999996,1.5192115384615386,1.5362115384615385,5.5592999999999995,10.63448076923077,9.217269230769231,0.5227617709446593,0.6031395916527921
Belgia,2008,0.2062,1.4177234693877552,1.2076304081632652,3.7116,9.924064285714286,7.2457824489795915,0.3739999956814928,0.5122428152010963
Belgia,2009,0.189,1.240421,0.9501714,3.402,8.682947,5.7010284,0.391802460616194,0.5967344418070255
Belgia,2010,0.19665,1.4007326530612245,1.1432183673469387,3.5397,9.805128571428572,6.859310204081632,0.3610049551328095,0.5160431435064274
Belgia,2011,0.21275,1.5445285714285713,1.3746714285714283,3.8295,10.811699999999998,8.24802857142857,0.3541996170814951,0.4642927660635789
Belgia,2012,0.22749999999999998,1.646034693877551,1.4646346938775512,4.095,11.522242857142857,8.787808163265307,0.3553995563859715,0.46598650356500393
Belgia,2013,0.21939999999999998,1.582044081632653,1.4027810204081634,3.9492,11.074308571428572,8.416686122448981,0.35660917108530216,0.4692107965707187
Belgia,2014,0.20700000000000002,1.5342485714285712,1.3502891836734694,3.7260000000000004,10.739739999999998,8.101735102040816,0.34693577311927487,0.45990148444392187
Belgia,2015,0.2239,1.365825918367347,1.1581108163265306,4.0302,9.560781428571428,6.948664897959183,0.42153458167720004,0.5799963099650504
Belgia,2016,0.26445,1.2633166,1.1046934,4.7601,8.8432162,6.6281604,0.5382770128361218,0.7181630667839602
Belgia,2017,0.2867,1.3504261999999998,1.2490476,5.1606000000000005,9.452983399999999,7.4942855999999995,0.5459228882174914,0.688604661663815
Belgia,2018,0.28800000000000003,1.4031835999999998,1.421089,5.184000000000001,9.822285199999998,8.526534,0.5277794214323976,0.607984440101922
Belgia,2019,0.28495,1.391061224489796,1.4369673469387754,5.129099999999999,9.737428571428572,8.621804081632652,0.5267407059652005,0.5948986953817138
Belgia,2020,0.2747,1.2775436,1.2910382,4.9446,8.9428052,7.7462292,0.5529137546236611,0.6383234826049299
Belgia,2021,0.2848,1.4857632653061223,1.496627142857143,5.1264,10.400342857142856,8.979762857142857,0.49290682724745344,0.570883672715506
Belgia,2022,0.3963,1.797892745098039,1.9255929411764707,7.1334,12.585249215686273,11.553557647058824,0.5668064158085101,0.6174202109785587
Belgia,2023,0.4064,1.723139807692308,1.7680661538461537,7.3152,12.061978653846156,10.608396923076922,0.6064676625561288,0.6895669584239364
Belgia,2024,0.33335,1.635917358490566,1.7190833962264152,6.000299999999999,11.451421509433962,10.314500377358492,0.5239786165461472,0.5817344302174193
Belgia,2025,0.3535,1.5533471153846152,1.6585934615384614,6.3629999999999995,10.873429807692307,9.951560769230769,0.5851879409290484,0.639397190807874
Bułgaria,2008,0.07669999999999999,1.0219830612244898,1.0937469387755103,1.3805999999999998,7.153881428571428,6.562481632653062,0.19298614518352372,0.210377731669453
Bułgaria,2009,0.08205,0.8819056,0.8353126,1.4768999999999999,6.1733392,5.0118756,0.23923843355310848,0.2946800994023076
Bułgaria,2010,0.08215,1.0185214285714286,0.9780651020408163,1.4787,7.12965,5.868390612244898,0.20740148534640548,0.2519770917966105
Bułgaria,2011,0.085,1.1681428571428571,1.1745653061224488,1.53,8.177,7.047391836734693,0.18711018711018712,0.21710159381586241
Bułgaria,2012,0.09004999999999999,1.2782304081632654,1.2733336734693879,1.6208999999999998,8.947612857142857,7.640002040816327,0.18115446274656813,0.21215962919125192
Bułgaria,2013,0.09029999999999999,1.317534,1.3343361999999999,1.6254,9.222738,8.006017199999999,0.1762383361643798,0.20302229677947733
Bułgaria,2014,0.08635,1.2768363265306122,1.3031475510204082,1.5543,8.937854285714286,7.81888530612245,0.17390079881748544,0.1987879268139323
Bułgaria,2015,0.09495,1.1029548979591837,1.125930612244898,1.7091,7.7206842857142854,6.755583673469388,0.22136638887855797,0.25299072332002914
Bułgaria,2016,0.0947,0.9838294000000001,0.953584,1.7046000000000001,6.8868058,5.7215039999999995,0.247516780566108,0.29792865652108264
Bułgaria,2017,0.0969,1.0259268,1.0123142,1.7442,7.1814876,6.0738852,0.24287447074335963,0.2871638074423929
Bułgaria,2018,0.09920000000000001,1.0982826,1.1059882,1.7856,7.687978200000001,6.6359292000000005,0.23225872310616072,0.2690806285275015
Bułgaria,2019,0.09775,1.0842144897959183,1.1109051020408163,1.7595,7.5895014285714275,6.665430612244897,0.23183341047623873,0.26397394292390747
Bułgaria,2020,0.09895,0.9311896000000001,0.9219700000000001,1.7811,6.518327200000001,5.531820000000001,0.27324495155751,0.32197360000867703
Bułgaria,2021,0.10575000000000001,1.075895306122449,1.0649102040816327,1.9035000000000002,7.531267142857143,6.389461224489796,0.25274631265806724,0.29791244255527916
Bułgaria,2022,0.11199999999999999,1.463731176470588,1.5665123529411764,2.016,10.246118235294116,9.399074117647059,0.19675744059400174,0.21448921189108364
Bułgaria,2023,0.11649999999999999,1.3377064705882353,1.368307450980392,2.097,9.363945294117647,8.209844705882352,0.223944067819076,0.25542505067087323
Bułgaria,2024,0.1202,1.3106739682646873,1.3095958704540152,2.1636,9.17471777785281,7.8575752227240905,0.23582196775826653,0.2753521205553176
Bułgaria,2025,0.13275,1.2377101245211484,1.2376186805320666,2.3895,8.663970871648038,7.4257120831923995,0.27579732612206664,0.3217873213006026
Chorwacja,2008,0.1087,,,1.9566000000000001,,,,
Chorwacja,2009,0.11574999999999999,,,2.0835,,,,
Chorwacja,2010,0.1152,,,2.0736,,,,
Chorwacja,2011,0.11415,,,2.0547,,,,
Chorwacja,2012,0.1296,,,2.3327999999999998,,,,
Chorwacja,2013,0.1361,1.3688023999999999,1.2981015999999999,2.4497999999999998,9.581616799999999,7.788609599999999,0.2556771003407275,0.31453624277175224
Chorwacja,2014,0.1318,1.3820991836734695,1.3038067346938775,2.3724,9.674694285714287,7.822840408163265,0.24521705078610084,0.30326580579662094
Chorwacja,2015,0.13145,1.2594518367346939,1.1637914285714284,2.3661000000000003,8.816162857142857,6.98274857142857,0.2683820657966845,0.3388493765451346
Chorwacja,2016,0.1321,1.1834938,1.0736294,2.3777999999999997,8.284456599999999,6.4417764,0.28701942864906793,0.3691217844816842
Chorwacja,2017,0.1216,1.2665072,1.1736617999999999,2.1888,8.8655504,7.0419708,0.24688822478523162,0.3108220783874878
Chorwacja,2018,0.1316,1.3556758,1.3091496,2.3688,9.4897306,7.8548976,0.24961720198885307,0.3015698129533859
Chorwacja,2019,0.13224999999999998,1.3405481632653062,1.3193355102040816,2.3804999999999996,9.383837142857143,7.91601306122449,0.2536808731609335,0.30071956445607123
Chorwacja,2020,0.13040000000000002,1.2038003999999998,1.1589676,2.3472000000000004,8.426602799999998,6.9538056,0.2785464149324804,0.33754179150478414
Chorwacja,2021,0.13019999999999998,1.4069765306122448,1.36180306122449,2.3435999999999995,9.848835714285714,8.17081836734694,0.23795706091437924,0.2868256146000912
Chorwacja,2022,0.14165,1.6045325490196078,1.7625360784313726,2.5497,11.231727843137255,10.575216470588236,0.22700870566035863,0.24110144762437902
Chorwacja,2023,0.148,1.4909940384615386,1.5820009615384616,2.6639999999999997,10.43695826923077,9.492005769230769,0.2552467808416698,0.28065722511838403
Chorwacja,2024,0.14775,1.5362641509433963,1.5605849056603776,2.6595,10.753849056603775,9.363509433962266,0.24730680019791068,0.28402812201520955
Chorwacja,2025,0.1638,1.4891153846153846,1.4763461538461538,2.9484,10.423807692307692,8.858076923076922,0.2828524937366015,0.33284876905041033
Cypr,2008,0.191,1.0349697959183672,1.092525306122449,3.438,7.244788571428571,6.5551518367346935,0.47454801007699726,0.5244729772289402
Cypr,2009,0.16,0.8816010000000001,0.8323366000000001,2.88,6.171207000000001,4.994019600000001,0.46668342189785555,0.5766897670966289
Cypr,2010,0.19395,1.0388297959183674,1.004364693877551,3.4911000000000003,7.271808571428572,6.0261881632653065,0.48008689526244797,0.5793214392609238
Cypr,2011,0.22315,1.2130071428571427,1.2517236734693877,4.0167,8.49105,7.510342040816326,0.47305103609094284,0.5348225124994987
Cypr,2012,0.2845,1.3179485714285712,1.3507010204081635,5.1209999999999996,9.225639999999999,8.104206122448982,0.5550834413655855,0.6318940958096587
Cypr,2013,0.26205,1.3767207999999997,1.4070682,4.7169,9.637045599999999,8.4424092,0.4894549840046415,0.5587149222759777
Cypr,2014,0.23235,1.4058653061224489,1.4230702040816328,4.1823,9.841057142857142,8.538421224489797,0.4249848303173004,0.48982123158838514
Cypr,2015,0.18975,1.2285032653061225,1.2261532653061225,3.4155,8.599522857142858,7.356919591836735,0.3971731986459049,0.46425680712751727
Cypr,2016,0.15739999999999998,1.1451035999999999,1.1253324,2.8331999999999997,8.015725199999999,6.7519944,0.353455230725724,0.41960935275657213
Cypr,2017,0.18445,1.2081784,1.2019648,3.3201,8.4572488,7.211788800000001,0.3925744741008447,0.460371218857657
Cypr,2018,0.20379999999999998,1.2799669999999999,1.3073678,3.6683999999999997,8.959769,7.8442068,0.4094301984794474,0.4676572269869274
Cypr,2019,0.22194999999999998,1.1830710204081634,1.2329961224489796,3.9951,8.281497142857143,7.397976734693877,0.4824127728457656,0.5400260291796274
Cypr,2020,0.19155,1.0802954,1.1144328000000001,3.4478999999999997,7.5620678,6.6865968,0.4559467187004062,0.5156434735230334
Cypr,2021,0.214,1.24614693877551,1.2824634693877552,3.852,8.72302857142857,7.694780816326531,0.44158974930070166,0.5005990543391378
Cypr,2022,0.2934,1.5368096078431372,1.7430154901960784,5.2812,10.75766725490196,10.45809294117647,0.49092427520413484,0.5049869062844548
Cypr,2023,0.35955000000000004,1.4478507692307694,1.5468421153846152,6.471900000000001,10.134955384615386,9.281052692307691,0.6385721253222472,0.6973239151377765
Cypr,2024,0.3246,1.4397558490566036,1.5061507547169812,5.8428,10.078290943396226,9.036904528301887,0.5797411518297634,0.6465488245119165
Cypr,2025,0.2853,1.366345769230769,1.4554965384615386,5.1354,9.564420384615383,8.732979230769232,0.5369274659090082,0.5880467437625699
Czechy,2008,0.14145000000000002,1.2316148979591834,1.28969306122449,2.5461000000000005,8.621304285714285,7.738158367346939,0.2953265440611987,0.3290317772176769
Czechy,2009,0.14939999999999998,1.0322017999999997,0.9898316,2.6891999999999996,7.2254125999999985,5.9389896,0.3721863579112423,0.45280429519526344
Czechy,2010,0.15225,1.2546514285714285,1.208533673469388,2.7405,8.78256,7.251202040816327,0.31203885882931626,0.3779373384680203
Czechy,2011,0.1643,1.4070151020408164,1.3922089795918369,2.9574,9.849105714285715,8.35325387755102,0.30027091654731813,0.35404167565741945
Czechy,2012,0.1666,1.462898163265306,1.4527438775510204,2.9988,10.240287142857142,8.716463265306123,0.29284335079331625,0.34403862079428865
Czechy,2013,0.1663,1.3955702040816327,1.3927440816326533,2.9934000000000003,9.768991428571429,8.35646448979592,0.3064185307037106,0.358213692364186
Czechy,2014,0.13835,1.317671224489796,1.3224983673469388,2.4903,9.22369857142857,7.9349902040816325,0.2699893085962263,0.3138378165506782
Czechy,2015,0.13965,1.1541879591836735,1.148105918367347,2.5137,8.079315714285714,6.888635510204082,0.31112783419953705,0.36490535698636917
Czechy,2016,0.14205,1.058425,1.0130210000000002,2.5569,7.408975,6.078126000000001,0.34510846642079374,0.42067242436237745
Czechy,2017,0.14629999999999999,1.1509200000000002,1.119802,2.6334,8.056440000000002,6.718812,0.3268689396309039,0.3919442901512946
Czechy,2018,0.15794999999999998,1.2527136,1.2325542,2.8430999999999997,8.7689952,7.3953252,0.32422186751795684,0.3844455683977223
Czechy,2019,0.1759,1.2418142857142858,1.23371,3.1662,8.6927,7.40226,0.3642366583455083,0.4277342325181769
Czechy,2020,0.18180000000000002,1.0678868,1.0595080000000001,3.2724,7.475207599999999,6.357048000000001,0.437767106294145,0.5147672315829611
Czechy,2021,0.18425,1.2819434693877552,1.221791224489796,3.3165,8.973604285714286,7.330747346938775,0.3695839368891907,0.45240953521402255
Czechy,2022,0.20829999999999999,1.6959911764705882,1.7638409803921569,3.7493999999999996,11.871938235294117,10.583045882352941,0.3158203762257959,0.354283638347639
Czechy,2023,0.31705,1.5741259615384615,1.500223653846154,5.7069,11.01888173076923,9.001341923076923,0.5179200702430627,0.6340054681590425
Czechy,2024,0.33415,1.4879896026782085,1.4512523000535489,6.0147,10.41592721874746,8.707513800321294,0.577452191598866,0.690748259253757
Czechy,2025,0.3198,1.4065505531798166,1.3736179792881618,5.756399999999999,9.845853872258717,8.24170787572897,0.5846521870712504,0.6984474682671099
Dania,2008,0.271,1.387209387755102,1.2857344897959182,4.878,9.710465714285714,7.714406938775509,0.5023445984494491,0.6323233968228119
Dania,2009,0.2627,1.2810302000000002,1.045871,4.7286,8.967211400000002,6.275226,0.527321124602906,0.7535346137334337
Dania,2010,0.26890000000000003,1.4409142857142858,1.2119095918367349,4.8402,10.086400000000001,7.27145755102041,0.4798738895939086,0.6656437125622456
Dania,2011,0.2942,1.6102555102040816,1.4134818367346937,5.2956,11.271788571428571,8.480891020408162,0.46981008971576577,0.6244155227625054
Dania,2012,0.29845,1.7002977551020408,1.4914883673469388,5.3721,11.902084285714286,8.948930204081632,0.4513579194232366,0.6003063916567111
Dania,2013,0.2968,1.6770614000000001,1.4819854000000001,5.3424000000000005,11.739429800000002,8.8919124,0.45508172807507224,0.6008156355656405
Dania,2014,0.30385,1.6463885714285713,1.4549069387755103,5.4693000000000005,11.524719999999999,8.729441632653062,0.474571182640446,0.626534918286379
Dania,2015,0.3055,1.5021897959183674,1.275766530612245,5.499,10.515328571428572,7.65459918367347,0.5229508486250684,0.7183916320176296
Dania,2016,0.3086,1.4134422,1.1671004,5.5548,9.8940954,7.002602400000001,0.5614257570227189,0.7932479502191927
Dania,2017,0.30295,1.4959422,1.2478294,5.4531,10.4715954,7.4869764000000005,0.5207515943559088,0.728344756102076
Dania,2018,0.31245,1.5923,1.3737463999999997,5.6241,11.1461,8.242478399999998,0.5045800773364675,0.6823311784474925
Dania,2019,0.2954,1.6078091836734694,1.3948214285714287,5.3172,11.254664285714286,8.368928571428572,0.4724441231667124,0.6353501472282678
Dania,2020,0.28259999999999996,1.4491034,1.2153067999999998,5.086799999999999,10.1437238,7.291840799999999,0.5014726445923142,0.6976016261901933
Dania,2021,0.3174,1.6712206122448978,1.421284693877551,5.7132000000000005,11.698544285714284,8.527708163265306,0.48836845512280475,0.6699572605698065
Dania,2022,0.5215,2.088567843137255,1.9640845098039215,9.386999999999999,14.619974901960784,11.784507058823529,0.6420667657056678,0.7965543194249758
Dania,2023,0.36824999999999997,1.9747351923076921,1.7386709615384617,6.628499999999999,13.823146346153845,10.43202576923077,0.4795217987288628,0.6353991206147842
Dania,2024,0.37355000000000005,1.9974811726665531,1.7041064172377702,6.7239,13.982368208665871,10.224638503426622,0.48088420356665473,0.6576173815579489
Dania,2025,0.33985,1.9640022827933412,1.7589007919139308,6.1173,13.748015979553388,10.553404751483585,0.44495874961870124,0.5796517942837394
Estonia,2008,0.0832,1.0495228571428572,1.1529983673469386,1.4975999999999998,7.34666,6.917990204081631,0.2038477348890516,0.21647905761942424
Estonia,2009,0.0921,0.9246460000000001,0.9084428,1.6578,6.4725220000000006,5.4506568,0.25612890925670084,0.3041468323597259
Estonia,2010,0.09870000000000001,1.1097244897959184,1.1043514285714287,1.7766000000000002,7.768071428571429,6.626108571428572,0.22870541502303385,0.26812117260809837
Estonia,2011,0.10075,1.2383061224489795,1.265265306122449,1.8135000000000001,8.668142857142858,7.591591836734694,0.20921436458625178,0.2388827058937385
Estonia,2012,0.11095,1.3611836734693876,1.371530612244898,1.9970999999999999,9.528285714285714,8.229183673469388,0.20959698941497495,0.242685068075292
Estonia,2013,0.1359,1.311061224489796,1.320142857142857,2.4461999999999997,9.177428571428571,7.920857142857143,0.26654525077052393,0.3088302131803917
Estonia,2014,0.1316,1.2751428571428571,1.2709591836734695,2.3688,8.926,7.6257551020408165,0.26538203002464705,0.3106315333108531
Estonia,2015,0.12965,1.1081632653061224,1.0818775510204082,2.3337,7.757142857142857,6.491265306122449,0.3008453038674033,0.3595138836489851
Estonia,2016,0.12229999999999999,1.05862,1.03116,2.2014,7.41034,6.186960000000001,0.29707138943692196,0.3558128709414639
Estonia,2017,0.1263,1.18536,1.17478,2.2734,8.29752,7.048679999999999,0.27398547999884304,0.32252847341629926
Estonia,2018,0.1383,1.3323399999999999,1.30702,2.4894000000000003,9.326379999999999,7.84212,0.26692028418314506,0.31743967192544875
Estonia,2019,0.1384,1.339204081632653,1.3267755102040817,2.4912,9.37442857142857,7.96065306122449,0.26574419774157665,0.31293914969544084
Estonia,2020,0.12635,1.25316,1.0956,2.2742999999999998,8.772120000000001,6.573599999999999,0.2592645791439241,0.3459748083242059
Estonia,2021,0.16315,1.4264897959183673,1.2383061224489795,2.9366999999999996,9.98542857142857,7.429836734693877,0.2940985435920913,0.3952576758903703
Estonia,2022,0.2353,1.851137254901961,1.7903921568627452,4.2354,12.957960784313727,10.74235294117647,0.3268569854854915,0.39427116416602787
Estonia,2023,0.22494999999999998,1.7165961538461538,1.6080192307692307,4.049099999999999,12.016173076923076,9.648115384615384,0.33697084538306543,0.4196778167119126
Estonia,2024,0.2257,1.6737735849056603,1.5389245283018869,4.0626,11.716415094339622,9.23354716981132,0.3467442871636311,0.43998259014504126
Estonia,2025,0.23005,1.5590192307692308,1.4396346153846156,4.1409,10.913134615384616,8.637807692307693,0.3794418511215314,0.47939247405190955
Finlandia,2008,0.1248,1.4456232653061223,1.2612883673469386,2.2464,10.119362857142857,7.567730204081632,0.22199026082105114,0.2968393348362777
Finlandia,2009,0.12924999999999998,1.2772444,0.9919876,2.3264999999999993,8.9407108,5.9519256,0.26021421026167174,0.39088190215280905
Finlandia,2010,0.13475,1.4260102040816327,1.1342520408163266,2.4255,9.982071428571428,6.80551224489796,0.24298563853766394,0.35640226814937825
Finlandia,2011,0.15565,1.5597993877551022,1.367425918367347,2.8017000000000003,10.918595714285715,8.20455551020408,0.2565989320709348,0.34148102191709234
Finlandia,2012,0.1554,1.6707346938775511,1.5543469387755102,2.7972,11.695142857142859,9.326081632653061,0.2391762147900227,0.29993303835195567
Finlandia,2013,0.15685,1.64302,1.5239200000000002,2.8232999999999997,11.50114,9.14352,0.2454800132856395,0.3087760512362853
Finlandia,2014,0.15505,1.6073265306122448,1.4875102040816328,2.7908999999999997,11.251285714285714,8.925061224489797,0.24805165123985828,0.312703737240698
Finlandia,2015,0.15410000000000001,1.4680816326530612,1.308673469387755,2.7738000000000005,10.27657142857143,7.8520408163265305,0.2699149243772242,0.3532584795321638
Finlandia,2016,0.1543,1.3808399999999998,1.2002599999999999,2.7774,9.66588,7.201559999999999,0.28734062496120377,0.3856664389382301
Finlandia,2017,0.15899999999999997,1.4643199999999998,1.30202,2.8619999999999997,10.250239999999998,7.81212,0.27921297452547456,0.36635381944977796
Finlandia,2018,0.1655,1.52234,1.40042,2.979,10.65638,8.402519999999999,0.2795508418431024,0.354536496193999
Finlandia,2019,0.17585,1.5240816326530613,1.4079795918367346,3.1653000000000002,10.668571428571429,8.447877551020408,0.2966938939475094,0.37468582858633737
Finlandia,2020,0.17565,1.41178,1.2552,3.1617,9.88246,7.5312,0.3199304626580831,0.4198135755258126
Finlandia,2021,0.18035,1.6736122448979593,1.5153571428571428,3.2463,11.715285714285715,9.092142857142857,0.2770995158949846,0.357044543954749
Finlandia,2022,0.22039999999999998,2.108627450980392,2.1218039215686275,3.9671999999999996,14.760392156862743,12.730823529411765,0.26877334679454823,0.31162163161202083
Finlandia,2023,0.248,1.9292307692307693,1.9379423076923077,4.464,13.504615384615384,11.627653846153846,0.3305536568694464,0.3839123574767051
Finlandia,2024,0.2404,1.8016415094339622,1.7658113207547168,4.3272,12.611490566037736,10.594867924528302,0.343115667203763,0.4084241569431979
Finlandia,2025,0.22649999999999998,1.7066335530411618,1.654171026889777,4.077,11.946434871288133,9.92502616133866,0.3412733626329471,0.41077977364747875
Francja,2008,0.1208,1.365462857142857,1.278917551020408,2.1744,9.55824,7.673505306122449,0.22748957967157132,0.28336463105917375
Francja,2009,0.12065000000000001,1.2092919999999998,1.00222,2.1717,8.465043999999999,6.01332,0.2565491685571865,0.36114825088303965
Francja,2010,0.13165,1.342614081632653,1.1426489795918366,2.3697,9.39829857142857,6.85589387755102,0.25214138303756806,0.34564420662334927
Francja,2011,0.14024999999999999,1.4981204081632653,1.3325326530612245,2.5244999999999997,10.486842857142857,7.995195918367347,0.24073022113423756,0.3157521123654357
Francja,2012,0.14465,1.5664159183673472,1.3968755102040815,2.6037,10.96491142857143,8.38125306122449,0.23745745845383673,0.31065760465411874
Francja,2013,0.156,1.538434,1.3510360000000001,2.808,10.769038,8.106216,0.2607475245235461,0.3464008360991121
Francja,2014,0.16435,1.4919118367346937,1.2925179591836733,2.9583,10.443382857142856,7.75510775510204,0.28327028133193843,0.38146471892073347
Francja,2015,0.1679,1.356370612244898,1.1548863265306122,3.0221999999999998,9.494594285714285,6.929317959183673,0.3183074399026453,0.4361468210582789
Francja,2016,0.1698,1.3011674,1.1017592,3.0564,9.1081718,6.6105552,0.33556679288811836,0.462351482973775
Francja,2017,0.173,1.375376,1.2300448,3.114,9.627632,7.3802688,0.32344402029491776,0.42193585144215884
Francja,2018,0.17735,1.5071972,1.4367702,3.1923000000000004,10.5503804,8.6206212,0.302576767753322,0.37030974055558785
Francja,2019,0.18455,1.5049191836734692,1.4386797959183673,3.3219,10.534434285714285,8.632078775510204,0.31533729385970144,0.384831983858217
Francja,2020,0.19255,1.356537,1.2604958,3.4659,9.495759000000001,7.562974799999999,0.36499452018527423,0.4582720545360009
Francja,2021,0.1984,1.5529438775510205,1.4310875510204082,3.5711999999999997,10.870607142857143,8.58652530612245,0.32851890911599757,0.41590746811793905
Francja,2022,0.2148,1.808916862745098,1.8445715686274509,3.8663999999999996,12.662418039215686,11.067429411764705,0.3053445232992391,0.349349415853514
Francja,2023,0.24455,1.880760576923077,1.7951121153846155,4.4018999999999995,13.16532403846154,10.770672692307693,0.33435561381855605,0.4086931360511765
Francja,2024,0.28865,1.8208333962264152,1.6954111320754717,5.1957,12.745833773584906,10.17246679245283,0.4076390836641715,0.5107610676944948
Francja,2025,0.2616,1.7259417999230768,1.6185617665384613,4.7088,12.081592599461537,9.711370599230769,0.38974994076607633,0.48487491563476953
Grecja,2008,0.1073,1.1280204081632652,1.2229183673469388,1.9314,7.8961428571428565,7.337510204081633,0.24460043782678706,0.2632228025966657
Grecja,2009,0.10930000000000001,0.9961599999999999,0.96626,1.9674,6.97312,5.79756,0.28214056261759446,0.33934965744209633
Grecja,2010,0.1196,1.4298163265306123,1.243,2.1528,10.008714285714285,7.458,0.2150925621958008,0.28865647626709573
Grecja,2011,0.1244,1.6665714285714286,1.471469387755102,2.2392,11.666,8.828816326530612,0.1919423967083833,0.25362403262045435
Grecja,2012,0.14045000000000002,1.7497755102040817,1.5352244897959184,2.5281000000000002,12.248428571428573,9.21134693877551,0.20640198742695856,0.2744549756733045
Grecja,2013,0.16299999999999998,1.6926734693877552,1.3924489795918367,2.9339999999999997,11.848714285714287,8.35469387755102,0.24762180345064558,0.35117983291807126
Grecja,2014,0.17759999999999998,1.653061224489796,1.350591836734694,3.1967999999999996,11.571428571428571,8.103551020408165,0.27626666666666666,0.3944937215733086
Grecja,2015,0.1769,1.4805714285714286,1.1765714285714286,3.1842,10.364,7.059428571428572,0.3072365881898881,0.451056338028169
Grecja,2016,0.17195,1.39374,1.07182,3.0951,9.75618,6.43092,0.31724506927916457,0.4812841708495829
Grecja,2017,0.16655,1.51092,1.26372,2.9979,10.57644,7.582319999999999,0.2834507641512645,0.39538030576393507
Grecja,2018,0.1659,1.5969,1.38646,2.9861999999999997,11.1783,8.318760000000001,0.2671425887657336,0.35897176983108053
Grecja,2019,0.1573,1.5857142857142859,1.3804285714285713,2.8314,11.100000000000001,8.282571428571428,0.255081081081081,0.34185035703197764
Grecja,2020,0.16575,1.4451800000000001,1.1873399999999998,2.9835000000000003,10.11626,7.124039999999999,0.2949212455986699,0.4187932689878216
Grecja,2021,0.1827,1.646204081632653,1.372938775510204,3.2886,11.523428571428571,8.237632653061224,0.28538381434097,0.3992166364420133
Grecja,2022,0.22694999999999999,2.051176470588235,1.869,4.0851,14.358235294117645,11.214,0.28451267974927286,0.36428571428571427
Grecja,2023,0.2318,1.9020192307692307,1.6988653846153845,4.1724,13.314134615384615,10.193192307692307,0.31338123885113417,0.4093320202397528
Grecja,2024,0.22644999999999998,1.8548490566037736,1.6276037735849056,4.076099999999999,12.983943396226415,9.765622641509434,0.31393390094296436,0.4173927408042845
Grecja,2025,0.2343,1.7605384615384614,1.55,4.2174000000000005,12.32376923076923,9.3,0.3422167293972249,0.45348387096774195
Hiszpania,2008,0.14615,1.1317216326530612,1.1507604081632654,2.6307,7.922051428571429,6.9045624489795925,0.3320730777525879,0.3810089371251591
Hiszpania,2009,0.16305,1.0062034,0.9129636000000001,2.9349,7.043423799999999,5.4777816,0.41668655519493236,0.5357825876080929
Hiszpania,2010,0.17895,1.1621830612244899,1.0745320408163266,3.2211,8.13528142857143,6.447192244897959,0.39594204924335735,0.4996128357346634
Hiszpania,2011,0.20345000000000002,1.3174802040816325,1.2668979591836735,3.6621000000000006,9.222361428571427,7.601387755102041,0.39708918679489136,0.48176729276072044
Hiszpania,2012,0.22325,1.425644285714286,1.3663665306122448,4.0185,9.979510000000001,8.198199183673468,0.40267508124146373,0.49016862239731307
Hiszpania,2013,0.22505,1.4311422916666667,1.3585479591836735,4.0509,10.017996041666667,8.151287755102041,0.4043623079058497,0.4969644210467809
Hiszpania,2014,0.2266,1.3926463265306122,1.3109222448979592,4.0788,9.748524285714286,7.8655334693877546,0.4184017888714878,0.5185662251485518
Hiszpania,2015,0.23395,1.2317565306122449,1.1203361224489796,4.2111,8.622295714285714,6.722016734693877,0.4883966103160792,0.6264637780899209
Hiszpania,2016,0.22344999999999998,1.149463,1.0119598,4.0221,8.046240999999998,6.0717588000000005,0.4998731705898445,0.6624274995903987
Hiszpania,2017,0.22365000000000002,1.2168797999999998,1.0995724,4.0257000000000005,8.5181586,6.5974344,0.47260214196997935,0.6101917436268863
Hiszpania,2018,0.243,1.2926786,1.2061667999999999,4.374,9.048750199999999,7.237000799999999,0.48338167186889525,0.6043940191356619
Hiszpania,2019,0.23985,1.2972826530612245,1.2141265306122448,4.3173,9.080978571428572,7.284759183673469,0.47542233097911885,0.5926482799425808
Hiszpania,2020,0.22685,1.1779389999999998,1.0731152,4.0832999999999995,8.245572999999998,6.438691199999999,0.4952111878701456,0.6341816796556419
Hiszpania,2021,0.25695,1.3802679591836735,1.2452332653061224,4.6251,9.661875714285715,7.471399591836734,0.4786958699087266,0.6190406420041291
Hiszpania,2022,0.32105,1.7809982352941176,1.79491,5.7789,12.466987647058824,10.76946,0.4635361936340205,0.5366007209275117
Hiszpania,2023,0.24004999999999999,1.6360392307692306,1.560988076923077,4.3209,11.452274615384614,9.365928461538463,0.37729622674219176,0.461342409110206
Hiszpania,2024,0.2422,1.5777730188679244,1.4709988679245285,4.3596,11.04441113207547,8.825993207547171,0.3947335849657692,0.4939500742275753
Hiszpania,2025,0.26405,1.4954922028846154,1.4254592850576921,4.7529,10.468445420192307,8.552755710346153,0.45402156759897294,0.5557156267482867
Holandia,2008,0.17835,1.542734693877551,1.301408163265306,3.2103,10.799142857142858,7.808448979591836,0.2972735931423129,0.4111315843121266
Holandia,2009,0.19424999999999998,1.35148,1.00276,3.4964999999999997,9.46036,6.01656,0.36959481457365256,0.5811460369380509
Holandia,2010,0.1778,1.4929795918367348,1.154469387755102,3.2004,10.450857142857144,6.926816326530612,0.306233254961999,0.4620304407007372
Holandia,2011,0.18015,1.6389526530612242,1.3470310204081635,3.2427,11.472668571428569,8.08218612244898,0.2826456617142755,0.401215704621441
Holandia,2012,0.1857,1.7604081632653061,1.445408163265306,3.3426,12.322857142857142,8.672448979591836,0.27125202875028986,0.38542746205435935
Holandia,2013,0.19014999999999999,1.7383,1.4221400000000002,3.4227,12.168099999999999,8.53284,0.2812846705730558,0.4011208460489122
Holandia,2014,0.1821,1.7019032653061223,1.408617551020408,3.2778,11.913322857142857,8.451705306122449,0.2751373432337338,0.3878270575318745
Holandia,2015,0.1916,1.5633469387755101,1.2366920408163267,3.4488,10.943428571428571,7.4201522448979595,0.31514803404521957,0.4647883070554743
Holandia,2016,0.16060000000000002,1.477,1.13246,2.8908000000000005,10.339,6.79476,0.2796015088499855,0.42544549034844503
Holandia,2017,0.1615,1.5521099999999999,1.2206154,2.907,10.86477,7.3236924000000005,0.26756203766853787,0.39693092517102435
Holandia,2018,0.178,1.6245120000000002,1.3394949999999999,3.2039999999999997,11.371584000000002,8.03697,0.28175494284701225,0.39865770308959714
Holandia,2019,0.2055,1.6481224489795918,1.356591836734694,3.699,11.536857142857142,8.139551020408165,0.32062458208474703,0.4544476704827523
Holandia,2020,0.1392,1.565,1.2382,2.5056,10.955,7.4292,0.2287174806024646,0.33726376998869323
Holandia,2021,0.136,1.8178571428571428,1.4643877551020408,2.4480000000000004,12.725,8.786326530612245,0.19237721021611007,0.27861473068078885
Holandia,2022,0.0877,2.0738768627450983,1.9560986274509804,1.5786,14.517138039215688,11.736591764705882,0.108740441520613,0.1345024204341114
Holandia,2023,0.3029,1.9220192307692308,1.71475,5.4522,13.454134615384616,10.288499999999999,0.4052434553290024,0.5299314768916753
Holandia,2024,0.2353,1.9701509433962265,1.7253584905660377,4.2354,13.791056603773585,10.352150943396227,0.30711207427290865,0.4091323651633787
Holandia,2025,0.24755000000000002,1.9230509615384614,1.6942886538461537,4.455900000000001,13.46135673076923,10.165731923076923,0.33101418297718455,0.4383255464257124
Irlandia,2008,0.1901,1.2367142857142859,1.2884897959183672,3.4217999999999997,8.657000000000002,7.730938775510204,0.395263948249971,0.44261118854536236
Irlandia,2009,0.19425,1.10572,1.02198,3.4965,7.7400400000000005,6.131880000000001,0.4517418514632999,0.5702166382903775
Irlandia,2010,0.18395,1.3004897959183672,1.219204081632653,3.3111,9.103428571428571,7.315224489795918,0.36372010545477373,0.4526313586983814
Irlandia,2011,0.19935,1.4814857142857143,1.412538775510204,3.5883,10.3704,8.475232653061223,0.3460136542467021,0.4233866074111746
Irlandia,2012,0.2222,1.6159222448979593,1.5513971428571431,3.9996,11.311455714285716,9.30838285714286,0.35358844175544407,0.4296772126138834
Irlandia,2013,0.235,1.5880978000000001,1.5138264,4.2299999999999995,11.116684600000001,9.082958399999999,0.3805091312926157,0.4657072964244777
Irlandia,2014,0.24714999999999998,1.5298546938775512,1.4582534693877551,4.4487,10.708982857142859,8.74952081632653,0.41541760401948263,0.5084507018600108
Irlandia,2015,0.244,1.369,1.259204081632653,4.3919999999999995,9.583,7.555224489795918,0.4583115934467285,0.5813195896338794
Irlandia,2016,0.2329,1.283018,1.1476,4.1922,8.981126,6.8856,0.46677888719075983,0.6088358313001045
Irlandia,2017,0.23299999999999998,1.3638,1.2434,4.194,9.5466,7.4604,0.4393187103261894,0.5621682483512949
Irlandia,2018,0.2454,1.4378,1.34118,4.4172,10.0646,8.047080000000001,0.4388848041650935,0.5489196081062944
Irlandia,2019,0.24845,1.4032102040816328,1.3209,4.4721,9.82247142857143,7.9254,0.4552927470973991,0.5642743583920055
Irlandia,2020,0.25125,1.2910339999999998,1.1986684,4.522499999999999,9.037237999999999,7.192010400000001,0.5004294453681534,0.6288227836822926
Irlandia,2021,0.27645,1.5149940816326533,1.4141591836734695,4.9761,10.604958571428572,8.484955102040818,0.46922389809295406,0.5864615593314263
Irlandia,2022,0.27745,1.8506117647058822,1.8928901960784312,4.9940999999999995,12.954282352941176,11.357341176470587,0.3855173033854805,0.4397243969694647
Irlandia,2023,0.32645,1.6778269230769232,1.6601076923076923,5.8761,11.744788461538462,9.960646153846154,0.5003155245616304,0.5899316077733604
Irlandia,2024,0.2818,1.7484169811320756,1.7002924528301888,5.0724,12.238918867924529,10.201754716981133,0.4144483720121413,0.4972085823193568
Irlandia,2025,0.36365000000000003,1.736653846153846,1.7069653846153847,6.5457,12.156576923076923,10.241792307692307,0.5384492724735899,0.6391166510068476
Islandia,2012,0.1137,,,2.0465999999999998,,,,
Islandia,2013,0.10625000000000001,,,1.9125,,,,
Islandia,2014,0.11455,,,2.0619,,,,
Islandia,2015,0.1231,,,2.2158,,,,
Islandia,2016,0.1395,,,2.511,,,,
Islandia,2017,0.1558,,,2.8044,,,,
Islandia,2018,0.1501,,,2.7018000000000004,,,,
Islandia,2019,0.14300000000000002,,,2.5740000000000003,,,,
Islandia,2020,0.12945,,,2.3301000000000003,,,,
Islandia,2021,0.1371,,,2.4678,,,,
Islandia,2022,0.15389999999999998,,,2.7701999999999996,,,,
Islandia,2023,0.15725,,,2.8305,,,,
Islandia,2024,0.1758,,,3.1644,,,,
Islandia,2025,0.2019,,,3.6342,,,,
Litwa,2008,0.08625,1.0388579591836735,1.102434081632653,1.5524999999999998,7.272005714285715,6.6146044897959175,0.2134899312510362,0.23470791071408406
Litwa,2009,0.09385,1.0220133999999998,0.8892316000000001,1.6893,7.154093799999999,5.335389600000001,0.23613053549843033,0.3166216765126205
Litwa,2010,0.1186,1.1759044897959183,1.0173281632653062,2.1348,8.231331428571428,6.103968979591837,0.25935050951659966,0.3497396541721532
Litwa,2011,0.12175,1.3190483673469389,1.234648775510204,2.1915,9.233338571428572,7.407892653061224,0.23734643574983014,0.295833120515642
Litwa,2012,0.1264,1.4119410204081633,1.3310489795918368,2.2752000000000003,9.883587142857143,7.98629387755102,0.2301998218980934,0.2848880888788036
Litwa,2013,0.13805,1.3758385999999998,1.3230237999999999,2.4849,9.630870199999999,7.9381428,0.2580140681368544,0.3130329174728376
Litwa,2014,0.13245,1.3205108163265307,1.269916530612245,2.3841,9.243575714285715,7.6194991836734705,0.257919670232747,0.31289458040870755
Litwa,2015,0.12494999999999999,1.1600551020408163,1.0745330612244897,2.2491,8.120385714285714,6.447198367346938,0.2769696020773116,0.34884920113378154
Litwa,2016,0.1201,1.0636748,0.9471305999999999,2.1618,7.4457236,5.6827836,0.29034115636524566,0.3804121627999349
Litwa,2017,0.11115,1.1314138,1.0288810000000002,2.0007,7.9198966,6.173286000000001,0.25261693441805794,0.3240899579251633
Litwa,2018,0.1097,1.2162214,1.1500966000000001,1.9746000000000001,8.5135498,6.9005796,0.23193615429371192,0.28614987645385614
Litwa,2019,0.12545,1.2013877551020407,1.1413,2.2581,8.409714285714285,6.847799999999999,0.26851090575524905,0.3297555419258741
Litwa,2020,0.13735,1.0973624,0.9957898000000001,2.4723,7.6815368,5.974738800000001,0.32184965904218543,0.4137921477002476
Litwa,2021,0.14125,1.282711224489796,1.1795610204081632,2.5424999999999995,8.978978571428572,7.0773661224489794,0.28316138408998154,0.3592438141550064
Litwa,2022,0.1963,1.7080682352941177,1.750246274509804,3.5334,11.956477647058824,10.501477647058824,0.2955218170686901,0.3364669352973968
Litwa,2023,0.25215,1.5201973076923074,1.496455,4.5386999999999995,10.641381153846153,8.97873,0.4265141840502124,0.5054946523617482
Litwa,2024,0.22295,1.45379,1.4563084905660377,4.0131000000000006,10.17653,8.737850943396227,0.3943485647858357,0.45927769036080507
Litwa,2025,0.2032,1.4228428846153847,1.5072192307692307,3.6576,9.959900192307693,9.043315384615385,0.36723259564637667,0.4044534381961687
Luksemburg,2008,0.1627,1.189313469387755,1.1172751020408163,2.9286000000000003,8.325194285714284,6.703650612244898,0.35177557417793437,0.4368664432854862
Luksemburg,2009,0.1882,1.02954,0.8481210000000001,3.3876,7.206779999999999,5.088726000000001,0.4700573626501711,0.6657068979544191
Luksemburg,2010,0.17365,1.1566438775510204,0.9873653061224491,3.1257,8.096507142857142,5.924191836734694,0.386055362497585,0.5276162700569853
Luksemburg,2011,0.16699999999999998,1.2887302040816326,1.1703861224489795,3.006,9.021111428571428,7.022316734693877,0.3332183649211421,0.4280638589183545
Luksemburg,2012,0.1701,1.3876595918367345,1.263888163265306,3.0618,9.713617142857142,7.583328979591837,0.31520698777504097,0.40375407795703955
Luksemburg,2013,0.16555,1.3364716,1.2166916,2.9799,9.355301200000001,7.300149600000001,0.31852528703191296,0.40819711420708416
Luksemburg,2014,0.1738,1.2979681632653062,1.1720991836734695,3.1284,9.085777142857143,7.032595102040817,0.3443183726401893,0.4448429000401512
Luksemburg,2015,0.1767,1.1773473469387754,1.0243816326530613,3.1806,8.241431428571428,6.146289795918367,0.3859281033357243,0.5174829215036648
Luksemburg,2016,0.1698,1.0906532,0.9215391999999999,3.0564,7.6345724,5.5292352,0.40033676280285196,0.5527708425208608
Luksemburg,2017,0.16165000000000002,1.15788,0.99342,2.9097000000000004,8.10516,5.96052,0.3589935300475253,0.48816210666183496
Luksemburg,2018,0.1681,1.22162,1.09822,3.0258,8.55134,6.58932,0.35383928132900805,0.45919761067909887
Luksemburg,2019,0.17985,1.2109795918367348,1.1002857142857143,3.2373000000000003,8.476857142857144,6.601714285714285,0.3818986147156965,0.4903726304855882
Luksemburg,2020,0.19855,1.07772,0.97104,3.5739,7.54404,5.82624,0.4737382092353699,0.613414483440435
Luksemburg,2021,0.19885,1.3314489795918367,1.2238163265306123,3.5793,9.320142857142857,7.342897959183674,0.38403917781763003,0.48745059782880584
Luksemburg,2022,0.20295,1.676313725490196,1.7448235294117647,3.6531,11.734196078431372,10.468941176470588,0.31132085876038523,0.3489464634886386
Luksemburg,2023,0.20115,1.5698076923076925,1.534576923076923,3.6207,10.988653846153847,9.207461538461539,0.32949440856827844,0.393235419434071
Luksemburg,2024,0.20265,1.5372641509433964,1.483433962264151,3.6477,10.760849056603774,8.900603773584907,0.3389788278613071,0.4098261300908142
Luksemburg,2025,0.2665,1.4790384615384615,1.4358653846153846,4.797000000000001,10.35326923076923,8.615192307692308,0.4633319092817208,0.5568070715864194
Malta,2008,0.12645,1.1526693877551022,1.1403314285714283,2.2761,8.068685714285715,6.84198857142857,0.28209055112533815,0.3326664428386735
Malta,2009,0.16105,1.1248,0.9614,2.8989,7.8736,5.7684,0.3681797398902662,0.502548366964843
Malta,2010,0.165,1.1948979591836735,1.0444897959183672,2.97,8.364285714285714,6.266938775510203,0.35508112724167384,0.4739155920281361
Malta,2011,0.16585,1.3808163265306124,1.296530612244898,2.9853,9.665714285714287,7.779183673469388,0.30885456695240904,0.3837549189359358
Malta,2012,0.16755,1.483877551020408,1.3724489795918366,3.0159000000000002,10.387142857142857,8.23469387755102,0.2903493329665796,0.36624312267657994
Malta,2013,0.16765,1.4664000000000001,1.3776,3.0177,10.264800000000001,8.2656,0.2939852700490998,0.36509146341463417
Malta,2014,0.1361,1.4416326530612247,1.36,2.4497999999999998,10.091428571428573,8.16,0.24276047565118908,0.3002205882352941
Malta,2015,0.12630000000000002,1.3581632653061224,1.273469387755102,2.2734000000000005,9.507142857142856,7.6408163265306115,0.23912546957175065,0.29753365384615393
Malta,2016,0.12655,1.2872000000000001,1.1696,2.2779,9.0104,7.0176,0.2528078664654177,0.32459815321477425
Malta,2017,0.1313,1.31,1.18,2.3634,9.17,7.08,0.25773173391494003,0.3338135593220339
Malta,2018,0.1296,1.33,1.2,2.3327999999999998,9.31,7.199999999999999,0.2505692803437164,0.324
Malta,2019,0.12969999999999998,1.380408163265306,1.2504081632653061,2.3345999999999996,9.662857142857142,7.502448979591836,0.2416055588409225,0.31117839072955766
Malta,2020,0.12924999999999998,1.3708,1.2408,2.3264999999999993,9.595600000000001,7.444799999999999,0.24245487515111083,0.31249999999999994
Malta,2021,0.13015,1.34,1.21,2.3427,9.38,7.26,0.24975479744136456,0.3226859504132231
Malta,2022,0.1291,1.34,1.21,2.3238,9.38,7.26,0.24773987206823025,0.32008264462809916
Malta,2023,0.127,1.34,1.21,2.286,9.38,7.26,0.2437100213219616,0.3148760330578513
Malta,2024,0.12875,1.34,1.21,2.3175,9.38,7.26,0.24706823027718547,0.31921487603305787
Malta,2025,0.12714999999999999,1.34,1.21,2.2886999999999995,9.38,7.26,0.2439978678038379,0.31524793388429745
Niemcy,2008,0.21715,1.3933520408163265,1.3283061224489796,3.9087,9.753464285714285,7.969836734693878,0.4007499166962655,0.4904366463349056
Niemcy,2009,0.2288,1.26202,1.06778,4.1184,8.83414,6.40668,0.4661913893146362,0.6428290471820038
Niemcy,2010,0.24064999999999998,1.3910510204081634,1.1997908163265305,4.3317,9.737357142857144,7.198744897959183,0.44485376642239377,0.6017298933912799
Niemcy,2011,0.25295,1.5269387755102042,1.3829591836734694,4.553100000000001,10.688571428571429,8.297755102040817,0.4259783480352847,0.5487146757175533
Niemcy,2012,0.26355,1.651265306122449,1.4921632653061223,4.7439,11.558857142857143,8.952979591836733,0.41041254696460355,0.5298682914820286
Niemcy,2013,0.29200000000000004,1.60252,1.4299000000000002,5.256,11.21764,8.579400000000001,0.4685477515769806,0.6126302538639065
Niemcy,2014,0.29774999999999996,1.5431632653061225,1.3609183673469387,5.359499999999999,10.802142857142858,8.165510204081633,0.49615155723070803,0.6563582514808426
Niemcy,2015,0.29484999999999995,1.3970408163265307,1.179530612244898,5.307299999999999,9.779285714285715,7.0771836734693885,0.5427083485501423,0.7499169507067839
Niemcy,2016,0.2973,1.30542,1.08306,5.3514,9.13794,6.49836,0.5856243310855619,0.8235000830978894
Niemcy,2017,0.3048,1.3738800000000002,1.16624,5.486400000000001,9.617160000000002,6.997439999999999,0.5704802665235891,0.784058169844972
Niemcy,2018,0.29935,1.4427999999999999,1.27648,5.3883,10.099599999999999,7.65888,0.5335161788585687,0.7035362872900477
Niemcy,2019,0.2983,1.4163265306122448,1.2545714285714287,5.369400000000001,9.914285714285713,7.5274285714285725,0.5415821325648417,0.71331131860624
Niemcy,2020,0.30245,1.2886,1.1102400000000001,5.4441,9.020199999999999,6.661440000000001,0.6035453759340148,0.8172557284911369
Niemcy,2021,0.32135,1.5828979591836736,1.3888979591836734,5.7843,11.080285714285715,8.333387755102041,0.5220352750058018,0.6941114670271541
Niemcy,2022,0.3318,1.9233529411764705,1.9543921568627451,5.9723999999999995,13.463470588235293,11.72635294117647,0.44360033030553264,0.5093143648293437
Niemcy,2023,0.40725,1.8500769230769232,1.7277307692307693,7.3305,12.950538461538462,10.366384615384616,0.5660382401682139,0.7071414260590814
Niemcy,2024,0.3947,1.7916603773584907,1.647,7.1046,12.541622641509434,9.882,0.5664817227465977,0.7189435336976321
Niemcy,2025,0.3852,1.736826923076923,1.6054230769230768,6.9336,12.157788461538463,9.632538461538461,0.5703010890454836,0.7198102584988382
Norwegia,2008,0.16695,,,3.0050999999999997,,,,
Norwegia,2009,0.15639999999999998,,,2.8152,,,,
Norwegia,2010,0.19669999999999999,,,3.5405999999999995,,,,
Norwegia,2011,0.20015,,,3.6027,,,,
Norwegia,2012,0.1828,,,3.2904,,,,
Norwegia,2013,0.18435,,,3.3183000000000002,,,,
Norwegia,2014,0.16570000000000001,,,2.9826,,,,
Norwegia,2015,0.15239999999999998,,,2.7432,,,,
Norwegia,2016,0.1573,,,2.8314,,,,
Norwegia,2017,0.16235,,,2.9223,,,,
Norwegia,2018,0.1829,,,3.2922000000000002,,,,
Norwegia,2019,0.18055,,,3.2499,,,,
Norwegia,2020,0.13385000000000002,,,2.4093000000000004,,,,
Norwegia,2021,0.2016,,,3.6288,,,,
Norwegia,2022,0.2148,,,3.8663999999999996,,,,
Norwegia,2023,0.18924999999999997,,,3.4064999999999994,,,,
Norwegia,2024,0.19475,,,3.5055,,,,
Norwegia,2025,0.19540000000000002,,,3.5172000000000003,,,,
Polska,2008,0.1277,1.2459251020408164,1.2270008163265307,2.2986,8.721475714285715,7.362004897959184,0.2635563149290102,0.312224731151319
Polska,2009,0.1211,0.9557680000000001,0.8423514,2.1798,6.6903760000000005,5.0541084,0.32581128474692606,0.43129268853829894
Polska,2010,0.13615,1.1345606122448981,1.0602067346938775,2.4507,7.941924285714287,6.361240408163265,0.30857760812555857,0.385255051334809
Polska,2011,0.1411,1.2433642857142857,1.219429387755102,2.5398,8.70355,7.316576326530612,0.2918119617857081,0.3471295708062855
Polska,2012,0.14735,1.3640155102040814,1.3565473469387757,2.6523000000000003,9.54810857142857,8.139284081632654,0.27778276505324323,0.32586404079263653
Polska,2013,0.14584999999999998,1.3067583999999999,1.305272,2.6252999999999997,9.1473088,7.831632,0.2870024460090382,0.33521748723637673
Polska,2014,0.14145000000000002,1.2644342857142856,1.2485391836734694,2.5461000000000005,8.85104,7.491235102040816,0.2876611110106836,0.3398771985285008
Polska,2015,0.1431,1.1100208163265306,1.0754451020408162,2.5758,7.770145714285714,6.452670612244898,0.3314995747459783,0.3991835558926622
Polska,2016,0.13419999999999999,0.9958760000000001,0.9435086,2.4155999999999995,6.971132000000001,5.6610516,0.3465147410779195,0.4267051725866621
Polska,2017,0.14485,1.0789016000000002,1.0405799999999998,2.6073,7.552311200000002,6.243479999999999,0.3452320661786288,0.41760364412154766
Polska,2018,0.14029999999999998,1.1586754000000001,1.1519886,2.5253999999999994,8.110727800000001,6.911931599999999,0.311365399292527,0.3653681989561355
Polska,2019,0.13595000000000002,1.1627467346938773,1.1738138775510203,2.4471000000000003,8.139227142857141,7.042883265306122,0.30065508150212233,0.34745712910714216
Polska,2020,0.14925,1.0003166,1.0063617999999999,2.6864999999999997,7.0022161999999994,6.0381708,0.383664246185372,0.444919511054573
Polska,2021,0.15610000000000002,1.2004510204081633,1.1814379591836734,2.8098,8.403157142857143,7.08862775510204,0.33437432529610467,0.3963813726821311
Polska,2022,0.15339999999999998,1.4206556862745099,1.5370623529411764,2.7611999999999997,9.94458980392157,9.222374117647059,0.27765851125514923,0.2994022975837024
Polska,2023,0.19655,1.434791346153846,1.4543546153846154,3.5379,10.043539423076922,8.726127692307692,0.3522562964079186,0.4054375691887652
Polska,2024,0.22835,1.4792328917924888,1.4952426336870792,4.1103,10.354630242547422,8.971455802122476,0.39695285140271636,0.45815306798118327
Polska,2025,0.26339999999999997,1.4021514326262003,1.4275658536184725,4.741199999999999,9.815060028383403,8.565395121710836,0.4830535917548435,0.5535296308727672
Portugalia,2008,0.15034999999999998,1.398404081632653,1.2709738775510204,2.7062999999999997,9.78882857142857,7.6258432653061226,0.2764682188734096,0.354885342623333
Portugalia,2009,0.1551,1.2345896,1.0026024,2.7918,8.642127200000001,6.0156144000000005,0.32304546501004977,0.46409224633812957
Portugalia,2010,0.1625,1.3711428571428572,1.1509795918367347,2.9250000000000003,9.598,6.905877551020408,0.3047509897895395,0.4235522536260151
Portugalia,2011,0.17675,1.5449387755102042,1.3711836734693876,3.1814999999999998,10.81457142857143,8.227102040816327,0.29418641515415705,0.38670968030005354
Portugalia,2012,0.2028,1.6436122448979593,1.452061224489796,3.6504000000000003,11.505285714285716,8.712367346938775,0.31728025627972234,0.4189905974617364
Portugalia,2013,0.2106,1.58006,1.3878199999999998,3.7908,11.06042,8.32692,0.3427356284842709,0.45524635759680654
Portugalia,2014,0.2203,1.5325102040816327,1.310204081632653,3.9654,10.72757142857143,7.861224489795918,0.3696456394071351,0.5044252336448598
Portugalia,2015,0.22820000000000001,1.4339591836734693,1.192,4.107600000000001,10.037714285714285,7.151999999999999,0.40921666856427197,0.5743288590604029
Portugalia,2016,0.2324,1.37575,1.12748,4.1832,9.63025,6.76488,0.4343812465927676,0.6183701706460426
Portugalia,2017,0.2257,1.46152,1.24092,4.0626,10.23064,7.44552,0.39710125661737683,0.5456435547819359
Portugalia,2018,0.22694999999999999,1.54272,1.34714,4.0851,10.799040000000002,8.082840000000001,0.3782836252111298,0.5054040411538517
Portugalia,2019,0.21655,1.4913265306122447,1.3613061224489795,3.8979,10.439285714285713,8.167836734693877,0.37338761546356486,0.477225503717918
Portugalia,2020,0.21265,1.3887,1.24422,3.8277,9.7209,7.46532,0.3937598370521248,0.5127308675314655
Portugalia,2021,0.21295,1.6216734693877553,1.4264897959183673,3.8331,11.351714285714287,8.558938775510203,0.3376670609851249,0.44784757789922464
Portugalia,2022,0.22105000000000002,1.8472941176470588,1.7959607843137255,3.9789000000000003,12.931058823529412,10.775764705882352,0.30770102079807854,0.3692452562394917
Portugalia,2023,0.2185,1.7190961538461538,1.5893846153846154,3.933,12.033673076923076,9.536307692307693,0.3268328776142587,0.41242377311005707
Portugalia,2024,0.2526,1.7157358490566037,1.5805283018867924,4.5468,12.010150943396226,9.483169811320755,0.3785797548614537,0.47945993696877093
Portugalia,2025,0.24125,1.7067307692307694,1.5775,4.3425,11.947115384615385,9.465,0.363476861167002,0.4587955625990492
Rumunia,2008,0.10819999999999999,1.0240510204081634,1.1001777551020406,1.9475999999999998,7.168357142857144,6.601066530612243,0.2716940522335262,0.295043231418448
Rumunia,2009,0.09775,0.844525,0.8340678,1.7595,5.911675,5.0044068,0.2976313819687314,0.3515901225296073
Rumunia,2010,0.10414999999999999,1.063521224489796,1.0321242857142856,1.8746999999999998,7.444648571428572,6.192745714285714,0.2518184682611901,0.30272517014146966
Rumunia,2011,0.10835,1.2290332653061222,1.23638693877551,1.9503,8.603232857142856,7.418321632653059,0.22669385246044552,0.26290313315823466
Rumunia,2012,0.10625,1.2740940816326531,1.3201663265306123,1.9124999999999999,8.918658571428573,7.920997959183674,0.21443807773142048,0.24144684922972753
Rumunia,2013,0.1301,1.2781198,1.3225935999999998,2.3418,8.9468386,7.935561599999999,0.2617460876068559,0.29510198748882505
Rumunia,2014,0.1269,1.3382410204081632,1.3661140816326531,2.2842000000000002,9.367687142857143,8.196684489795919,0.24383820308748266,0.2786736518702908
Rumunia,2015,0.1311,1.2013218367346938,1.1971326530612245,2.3598,8.409252857142857,7.182795918367347,0.28061946050243636,0.3285350199029995
Rumunia,2016,0.12465000000000001,1.0875306,1.0682024,2.2437,7.6127142,6.409214400000001,0.2947306231462098,0.35007410580616555
Rumunia,2017,0.12434999999999999,1.0488832,1.0425938000000001,2.2382999999999997,7.3421823999999996,6.255562800000001,0.3048548616825428,0.35780953234135854
Rumunia,2018,0.1325,1.1872156,1.2177608,2.3850000000000002,8.3105092,7.3065648,0.28698602487558766,0.3264187843786727
Rumunia,2019,0.13895000000000002,1.1576457142857144,1.1996683673469388,2.5011,8.103520000000001,7.198010204081633,0.30864365115406633,0.3474710272821996
Rumunia,2020,0.1454,0.952622,0.9648016,2.6172,6.668354,5.7888096,0.3924806631441582,0.4521136780867693
Rumunia,2021,0.15689999999999998,1.1607430612244898,1.1437138775510205,2.8242,8.125201428571428,6.862283265306123,0.3475852290958589,0.41155398149744166
Rumunia,2022,0.28865,1.5354631372549017,1.670171176470588,5.1957,10.748241960784313,10.021027058823528,0.4833999847562851,0.5184797894967442
Rumunia,2023,0.1901,1.3713882692307693,1.4475028846153846,3.4217999999999997,9.599717884615385,8.685017307692307,0.3564479749434944,0.3939888521545393
Rumunia,2024,0.1873,1.438940350289594,1.4629659651965223,3.3714,10.07258245202716,8.777795791179134,0.3347105884768894,0.3840827561046638
Rumunia,2025,0.24054999999999999,1.451813889157883,1.4962994195172274,4.329899999999999,10.16269722410518,8.977796517103364,0.42605815213404086,0.4822898349000471
Szwecja,2008,0.17220000000000002,1.310732448979592,1.3382222448979593,3.0996000000000006,9.175127142857143,8.029333469387755,0.33782638123037306,0.38603453347869837
Szwecja,2009,0.1624,1.124497,1.0403086000000001,2.9231999999999996,7.871479000000001,6.2418516,0.37136604188361544,0.4683225727442798
Szwecja,2010,0.18985000000000002,1.3404159183673472,1.2507922448979591,3.4173000000000004,9.38291142857143,7.5047534693877544,0.36420465289634435,0.45535140014116776
Szwecja,2011,0.20679999999999998,1.5431112244897958,1.508825918367347,3.7223999999999995,10.80177857142857,9.052955510204082,0.34460991543059377,0.41118063551779066
Szwecja,2012,0.20550000000000002,1.710400612244898,1.6668367346938775,3.6990000000000003,11.972804285714286,10.001020408163265,0.3089501767279011,0.36986225895316804
Szwecja,2013,0.20735,1.6717629999999999,1.6463898000000001,3.7323,11.702340999999999,9.878338800000002,0.3189361855033963,0.3778266847863124
Szwecja,2014,0.1917,1.5726628571428571,1.5392897959183671,3.4506,11.00864,9.235738775510203,0.3134447125167142,0.3736138584982208
Szwecja,2015,0.18730000000000002,1.4094679591836734,1.3749816326530613,3.3714000000000004,9.866275714285713,8.249889795918367,0.34170948568956333,0.4086600043636947
Szwecja,2016,0.19385000000000002,1.3844370000000001,1.3380750000000001,3.4893000000000005,9.691059000000001,8.028450000000001,0.3600535297535595,0.4346168936718794
Szwecja,2017,0.19840000000000002,1.4555204000000002,1.4263051999999998,3.5712,10.1886428,8.557831199999999,0.3505079204464799,0.41730199118673905
Szwecja,2018,0.19795000000000001,1.4989152,1.5109506,3.5631000000000004,10.4924064,9.065703599999999,0.339588447508095,0.3930307185423535
Szwecja,2019,0.20425,1.4823740816326532,1.5111520408163264,3.6765,10.376618571428573,9.066912244897958,0.35430617158108063,0.405485340620651
Szwecja,2020,0.19655,1.3490638000000001,1.3765388,3.5379,9.443446600000001,8.2592328,0.3746407588093948,0.4283569776602011
Szwecja,2021,0.2359,1.6098691836734693,1.6770442857142858,4.2462,11.269084285714285,10.062265714285715,0.376800802296143,0.42199243396758407
Szwecja,2022,0.2509,1.9390135294117647,2.2955378431372546,4.5162,13.573094705882353,13.773227058823528,0.3327317828293613,0.32789701213172057
Szwecja,2023,0.24214999999999998,1.739945576923077,2.0233971153846153,4.3587,12.179619038461539,12.140382692307693,0.35786833613069774,0.359024926188013
Szwecja,2024,0.23925000000000002,1.5756530334826546,1.5756488782027895,4.306500000000001,11.029571234378583,9.453893269216737,0.3904503546408831,0.4555266150531439
Szwecja,2025,0.26825,1.4351351264890069,1.5093700286864589,4.8285,10.045945885423048,9.056220172118753,0.4806416493847822,0.5331694579230118
Słowacja,2008,0.14735,1.2445716326530611,1.335575714285714,2.6523000000000003,8.712001428571428,8.013454285714285,0.30444209883869566,0.33098086111607306
Słowacja,2009,0.155,1.1065999999999998,1.09548,2.79,7.746199999999998,6.57288,0.3601766027213344,0.42447146456347906
Słowacja,2010,0.15785,1.2461836734693876,1.112142857142857,2.8413,8.723285714285714,6.672857142857143,0.32571442608453566,0.42579961464354527
Słowacja,2011,0.1696,1.442710612244898,1.3362989795918367,3.0528,10.098974285714286,8.017793877551021,0.3022881248760482,0.3807531157102353
Słowacja,2012,0.1719,1.5422244897959183,1.4406122448979592,3.0942,10.795571428571428,8.643673469387755,0.2866175283515727,0.357972800679983
Słowacja,2013,0.1688,1.4880799999999998,1.39064,3.0384,10.416559999999999,8.34384,0.2916893868993219,0.36414888109072086
Słowacja,2014,0.1515,1.4547346938775512,1.3387755102040817,2.727,10.183142857142858,8.03265306122449,0.26779551639965204,0.33948932926829267
Słowacja,2015,0.15115,1.2913265306122448,1.140877551020408,2.7207,9.039285714285713,6.845265306122449,0.30098617147372586,0.39745720265459816
Słowacja,2016,0.14800000000000002,1.2062,1.03464,2.6640000000000006,8.4434,6.20784,0.315512708150745,0.42913477151472984
Słowacja,2017,0.14384999999999998,1.28496,1.13058,2.5892999999999997,8.994720000000001,6.783479999999999,0.2878688830780724,0.38170673459640186
Słowacja,2018,0.15139999999999998,1.36246,1.2452999999999999,2.7251999999999996,9.53722,7.471799999999999,0.28574364437435645,0.3647313900264996
Słowacja,2019,0.15810000000000002,1.3253265306122448,1.2287142857142859,2.8458000000000006,9.277285714285714,7.372285714285715,0.30674920312283466,0.386013254272759
Słowacja,2020,0.17049999999999998,1.17968,1.0653599999999999,3.069,8.257760000000001,6.392159999999999,0.3716504233593613,0.4801193962604191
Słowacja,2021,0.1646,1.3849183673469387,1.238204081632653,2.9628,9.69442857142857,7.429224489795917,0.30561883850812693,0.39880340189873426
Słowacja,2022,0.184,1.69078431372549,1.7159803921568628,3.312,11.83549019607843,10.295882352941177,0.27983631815244947,0.3216819973718791
Słowacja,2023,0.19175,1.5921346153846154,1.5530576923076924,3.4515000000000002,11.144942307692308,9.318346153846154,0.30969204727221905,0.3703983456952167
Słowacja,2024,0.17880000000000001,1.572811320754717,1.5003584905660377,3.2184000000000004,11.009679245283019,9.002150943396225,0.29232459259690874,0.35751455626957085
Słowacja,2025,0.187,1.5205384615384614,1.4630961538461538,3.366,10.64376923076923,8.778576923076923,0.3162413546386835,0.38343344593262446
Słowenia,2008,0.11515,1.0794285714285714,1.138877551020408,2.0727,7.556,6.833265306122449,0.27431180518793014,0.3033249708807455
Słowenia,2009,0.13435,1.0484200000000001,1.00856,2.4183,7.338940000000001,6.051359999999999,0.32951625166577186,0.3996291742682637
Słowenia,2010,0.14135,1.1989795918367347,1.1461836734693878,2.5443000000000002,8.392857142857142,6.877102040816327,0.30315063829787237,0.3699668821109984
Słowenia,2011,0.14665,1.289204081632653,1.2415714285714288,2.6397,9.024428571428572,7.449428571428573,0.2925060549935888,0.354349326889886
Słowenia,2012,0.1542,1.4750204081632654,1.3610408163265306,2.7756,10.325142857142858,8.166244897959183,0.26881952515357793,0.33988694126643776
Słowenia,2013,0.16335,1.4895999999999998,1.37956,2.9402999999999997,10.4272,8.27736,0.2819836581249041,0.3552219548261764
Słowenia,2014,0.16310000000000002,1.4546122448979593,1.3551836734693876,2.9358000000000004,10.182285714285715,8.131102040816327,0.2883242606206858,0.36105806879103675
Słowenia,2015,0.161,1.2905714285714287,1.1824489795918367,2.898,9.034,7.09469387755102,0.3207881337170688,0.40847428374180195
Słowenia,2016,0.16235,1.1943482,1.0748103999999998,2.9223,8.3604374,6.448862399999999,0.34953912818006383,0.4531496904012094
Słowenia,2017,0.1611,1.2695370000000001,1.1759838,2.8998,8.886759000000001,7.0559028,0.3263056869214074,0.4109750491460852
Słowenia,2018,0.16255,1.3257682,1.2813154,2.9259,9.280377399999999,7.6878924,0.3152781265123981,0.3805854514821253
Słowenia,2019,0.16499999999999998,1.2848479591836734,1.2503071428571428,2.9699999999999998,8.993935714285714,7.501842857142857,0.3302225070702402,0.3959027210456859
Słowenia,2020,0.15710000000000002,1.0673118,1.0616052,2.8278000000000003,7.4711826,6.369631200000001,0.37849429620419134,0.44395034990408866
Słowenia,2021,0.16865,1.222658775510204,1.2760242857142858,3.0357,8.558611428571428,7.656145714285715,0.3546953878366117,0.3965049926277712
Słowenia,2022,0.1673,1.4933331372549021,1.6367472549019608,3.0114,10.453331960784315,9.820483529411765,0.2880803949685392,0.30664477884220626
Słowenia,2023,0.2015,1.449540576923077,1.5433894230769232,3.6270000000000002,10.146784038461538,9.260336538461539,0.35745315818803297,0.3916704306518184
Słowenia,2024,0.20450000000000002,1.493025283018868,1.5258473584905663,3.681,10.451176981132075,9.155084150943399,0.35220913459273107,0.4020716728879752
Słowenia,2025,0.19655,1.4690328846153848,1.5096344230769232,3.5379,10.283230192307695,9.05780653846154,0.34404559013436303,0.3905912524160523
Turcja,2008,0.111,,,1.998,,,,
Turcja,2009,0.11615,,,2.0907,,,,
Turcja,2010,0.1358,,,2.4444,,,,
Turcja,2011,0.11815,,,2.1267,,,,
Turcja,2012,0.139,,,2.5020000000000002,,,,
Turcja,2013,0.14045,,,2.5281,,,,
Turcja,2014,0.1251,,,2.2518,,,,
Turcja,2015,0.1291,,,2.3238,,,,
Turcja,2016,0.1236,,,2.2248,,,,
Turcja,2017,0.10035,,,1.8062999999999998,,,,
Turcja,2018,0.08804999999999999,,,1.5848999999999998,,,,
Turcja,2019,0.0945,,,1.701,,,,
Turcja,2020,0.09085,,,1.6353,,,,
Turcja,2021,0.0811,,,1.4598,,,,
Turcja,2022,0.08990000000000001,,,1.6182,,,,
Turcja,2023,0.0702,,,1.2636,,,,
Turcja,2024,0.055400000000000005,,,0.9972000000000001,,,,
Turcja,2025,0.06265,,,1.1277,,,,
Wielka_Brytania,2008,0.15305000000000002,1.3647618367346939,1.4972142857142858,2.7549,9.553332857142857,8.983285714285715,0.2883705656649669,0.3066695291255188
Wielka_Brytania,2009,0.14365,1.1183176,1.168715,2.5857,7.828223199999999,7.01229,0.33030483852325526,0.368738315158101
Wielka_Brytania,2010,0.14175,1.3609522448979592,1.3879185714285713,2.5515,9.526665714285715,8.327511428571428,0.2678271786291291,0.30639405564138694
Wielka_Brytania,2011,0.15085,1.537570612244898,1.5991067346938777,2.7153,10.762994285714285,9.594640408163265,0.2522810964978413,0.28300174727650884
Wielka_Brytania,2012,0.17335,1.6771808163265307,1.7550144897959186,3.1203000000000003,11.740265714285716,10.530086938775511,0.2657776302458961,0.29632233980043887
Wielka_Brytania,2013,0.1769,1.5831264,1.6561513999999997,3.1842,11.081884800000001,9.936908399999998,0.2873337936160462,0.32044171806997845
Wielka_Brytania,2014,0.19655,1.5863832653061225,1.6603414285714284,3.5379,11.104682857142858,9.962048571428571,0.31859532104731103,0.3551377986799617
Wielka_Brytania,2015,0.21539999999999998,1.5355140816326531,1.588647755102041,3.8771999999999998,10.748598571428571,9.531886530612246,0.36071679244829125,0.40676103177981937
Wielka_Brytania,2016,0.1891,1.3308656,1.348065,3.4038,9.316059200000002,8.08839,0.3653690822402674,0.4208254053031567
Wielka_Brytania,2017,0.18109999999999998,1.341021,1.3716206,3.2598,9.387147,8.2297236,0.3472620594947538,0.39610078763763096
Wielka_Brytania,2018,0.19555,1.4164348,1.4708320000000001,3.5199,9.9150436,8.824992000000002,0.3550060032010348,0.3988558856483948
Wielka_Brytania,2019,0.21660000000000001,1.4235985714285715,1.5006791836734694,3.8988000000000005,9.96519,9.004075102040817,0.3912419130994994,0.4330039405286967
Wielka_Brytania,2020,0.2203,1.283807,1.3439108,3.9654,8.986649,8.0634648,0.4412545766503176,0.49177370998134695
Wielka_Brytania,2021,,,,,,,,
Wielka_Brytania,2022,,,,,,,,
Wielka_Brytania,2023,,,,,,,,
Wielka_Brytania,2024,,,,,,,,
Wielka_Brytania,2025,,,,,,,,
Węgry,2008,0.15505,1.179477142857143,1.2400355102040816,2.7908999999999997,8.25634,7.44021306122449,0.3380311372835905,0.3751102256123672
Węgry,2009,0.15725,0.9988938,0.956678,2.8305,6.9922566,5.740068,0.4048049380796465,0.49311262514660104
Węgry,2010,0.16375,1.2227826530612245,1.1594851020408161,2.9475000000000002,8.55947857142857,6.956910612244897,0.3443550883857245,0.4236794411030794
Węgry,2011,0.16175,1.372098979591837,1.3587440816326533,2.9115,9.60469285714286,8.15246448979592,0.30313306664822326,0.35713127038384485
Węgry,2012,0.15835,1.479315918367347,1.5048495918367348,2.8503,10.35521142857143,9.02909755102041,0.27525270919487327,0.3156793892073829
Węgry,2013,0.13615,1.4079635999999998,1.435514,2.4507,9.855745199999998,8.613084,0.24865699653030807,0.2845322302673467
Węgry,2014,0.1174,1.3260777551020408,1.3547920408163265,2.1132,9.282544285714286,8.12875224489796,0.2276531018820117,0.25996609766601725
Węgry,2015,0.1136,1.1580304081632653,1.16224693877551,2.0448,8.106212857142857,6.97348163265306,0.2522509630620182,0.2932251216415775
Węgry,2016,0.11195,1.0690575999999998,1.0640164,2.0151,7.483403199999999,6.384098400000001,0.2692758823953252,0.3156436310568145
Węgry,2017,0.11295,1.1473538,1.1575464,2.0331,8.031476600000001,6.945278399999999,0.25314149579916595,0.29273124602175776
Węgry,2018,0.11205,1.1972828,1.2409744,2.0169,8.3809796,7.445846400000001,0.2406520593368346,0.2708758536840083
Węgry,2019,0.11085,1.1715461224489796,1.2257210204081632,1.9953,8.200822857142857,7.354326122448979,0.24330485303216962,0.2713096980985619
Węgry,2020,0.10200000000000001,1.022405,1.0555258,1.836,7.156835,6.333154800000001,0.2565379808253229,0.28990290905253097
Węgry,2021,0.10065,1.2363522448979594,1.248298367346939,1.8117,8.654465714285715,7.489790204081634,0.20933701279900746,0.2418892853651223
Węgry,2022,0.1016,1.289545882352941,1.4781660784313726,1.8288,9.026821176470587,8.868996470588236,0.20259623673137234,0.20620145763556774
Węgry,2023,0.11445,1.5836482692307694,1.6188419230769229,2.0601,11.085537884615386,9.713051538461537,0.18583672000787857,0.21209606392413952
Węgry,2024,0.1063,1.533441165446103,1.5696377297996194,1.9134000000000002,10.734088158122722,9.417826378797717,0.17825454494260773,0.20316789915639383
Węgry,2025,0.1061,1.4834297523705224,1.5107649818510205,1.9098,10.384008266593657,9.064589891106124,0.18391741907063078,0.21068796525188996
Włochy,2008,0.2129,1.3875367346938776,1.3517338775510204,3.8322000000000003,9.712757142857143,8.110403265306122,0.39455326058659235,0.4725042485116622
Włochy,2009,0.20475,1.234138,1.0814589999999997,3.6854999999999998,8.638966,6.488753999999998,0.4266135553722517,0.5679826974485396
Włochy,2010,0.19425,1.3631312244897957,1.2138748979591838,3.4965,9.541918571428571,7.283249387755102,0.36643574076073054,0.4800741830807633
Włochy,2011,0.2026,1.5512561224489796,1.4428367346938775,3.6468,10.858792857142857,8.657020408163266,0.3358384350799319,0.42125348307613963
Włochy,2012,0.22144999999999998,1.788211836734694,1.7067322448979594,3.9860999999999995,12.517482857142857,10.240393469387756,0.31844261705742294,0.38925262119232973
Włochy,2013,0.23075,1.7487510204081633,1.6580797959183673,4.1535,12.241257142857144,9.948478775510203,0.33930338620683215,0.4175010163588543
Włochy,2014,0.23920000000000002,1.7162004081632651,1.612615714285714,4.3056,12.013402857142855,9.675694285714284,0.35839970166654345,0.4449913228818132
Włochy,2015,0.2439,1.537684489795918,1.4085716326530613,4.3902,10.763791428571427,8.451429795918369,0.40786743492136474,0.5194623993824399
Włochy,2016,0.23015,1.4432364000000002,1.2809222,4.1427,10.102654800000002,7.6855332,0.4100605318118955,0.5390257113195477
Włochy,2017,0.2106,1.5276387999999999,1.3825096,3.7908,10.693471599999999,8.2950576,0.3544966631790559,0.45699501833477324
Włochy,2018,0.21139999999999998,1.6042421999999998,1.4907620000000001,3.8051999999999997,11.229695399999999,8.944572,0.3388515773989738,0.4254200200971046
Włochy,2019,0.2321,1.5724161224489797,1.4782626530612244,4.1778,11.006912857142858,8.869575918367346,0.3795614677996516,0.4710259023036834
Włochy,2020,0.21894999999999998,1.4319976,1.317785,3.9410999999999996,10.0239832,7.90671,0.3931670595776736,0.4984500506531793
Włochy,2021,0.23095,1.6250157142857145,1.4860389795918367,4.1571,11.375110000000001,8.91623387755102,0.365455806581211,0.4662394523394681
Włochy,2022,0.3378,1.813873137254902,1.8153539215686276,6.0804,12.697111960784314,10.892123529411766,0.4788805532139615,0.5582382520342546
Włochy,2023,0.35645,1.8664192307692309,1.7947709615384615,6.4161,13.064934615384615,10.76862576923077,0.4910931580510721,0.5958141862755361
Włochy,2024,0.31925000000000003,1.8205828301886793,1.7170041509433964,5.746500000000001,12.744079811320756,10.302024905660378,0.4509152551677603,0.5578029613229362
Włochy,2025,0.31284999999999996,1.7332932692307692,1.6531128846153844,5.6312999999999995,12.133052884615385,9.918677307692306,0.4641288596986537,0.5677470720448498
Łotwa,2008,0.09225,1.0317510204081635,1.102614693877551,1.6604999999999999,7.222257142857144,6.615688163265306,0.22991427294197694,0.2509942970438357
Łotwa,2009,0.1053,0.958305,0.9174905999999999,1.8954,6.7081349999999995,5.5049436,0.28255245310358246,0.34430870463414015
Łotwa,2010,0.10485,1.0863461224489794,1.063844693877551,1.8873,7.604422857142856,6.383068163265306,0.24818451517688206,0.2956728569595186
Łotwa,2011,0.1255,1.27885,1.2705191836734693,2.259,8.95195,7.623115102040815,0.25234725395025664,0.2963355491504036
Łotwa,2012,0.13755,1.4088404081632653,1.37172693877551,2.4759,9.861882857142858,8.23036163265306,0.25105753494189315,0.30082517761760763
Łotwa,2013,0.1368,1.3514738,1.3086689999999999,2.4624,9.460316599999999,7.852013999999999,0.2602872719925674,0.3136010710118449
Łotwa,2014,0.1333,1.2919183673469388,1.2600255102040816,2.3994,9.04342857142857,7.56015306122449,0.2653197270314672,0.3173745267548033
Łotwa,2015,0.16425,1.1294914285714286,1.0630510204081633,2.9565,7.90644,6.37830612244898,0.3739356777513015,0.46352431872066346
Łotwa,2016,0.1626,1.070633,0.9505183999999999,2.9268,7.494431,5.703110399999999,0.39052998152895135,0.5131936425428483
Łotwa,2017,0.15839999999999999,1.1506856,1.045764,2.8511999999999995,8.054799200000001,6.274583999999999,0.3539753045612855,0.4544046266652897
Łotwa,2018,0.1521,1.2707891999999998,1.1918534,2.7378,8.8955244,7.1511204,0.3077727491815997,0.3828490987230477
Łotwa,2019,0.16344999999999998,1.258,1.1977569387755103,2.9421,8.806000000000001,7.186541632653062,0.3341017488076311,0.40939023947654535
Łotwa,2020,0.1426,1.1444834000000002,1.046805,2.5668,8.0113838,6.28083,0.3203940872237328,0.4086721022540015
Łotwa,2021,0.16444999999999999,1.3378542857142857,1.2297677551020407,2.9600999999999997,9.36498,7.378606530612244,0.3160818282580422,0.401173309312427
Łotwa,2022,0.23755,1.7780054901960785,1.7719703921568628,4.2759,12.44603843137255,10.631822352941176,0.34355510177614434,0.40217940613135994
Łotwa,2023,0.2914,1.6421236538461539,1.5944932692307692,5.2452,11.494865576923077,9.566959615384615,0.45630807641023535,0.5482619568671745
Łotwa,2024,0.24769999999999998,1.6306892452830188,1.5915243396226415,4.4586,11.414824716981132,9.549146037735849,0.3905973250178091,0.46691086117865643
Łotwa,2025,0.24459999999999998,1.5549219230769231,1.5221976923076923,4.4028,10.884453461538461,9.133186153846154,0.40450354402798716,0.4820661624361942
