panstwo,rok,udzial_ev_procent,udzial_ev_dopasowany_procent
Austria,2020,9.53,12.339232864105956
Austria,2021,20.02,15.681647171406166
Austria,2022,21.87,21.018032727992182
Austria,2023,26.77,23.44325205256373
Austria,2024,24.25,28.349281908723295
Austria,2025,31.39,31.88890835281084
Belgia,2020,11.13,13.974711270738094
Belgia,2021,18.39,18.029366042735553
Belgia,2022,26.85,26.47341783278982
Belgia,2023,40.66,35.23615325241359
Belgia,2024,43.19,41.45687918093416
Belgia,2025,43.89,45.99237528186231
Bułgaria,2020,2.49,1.813559206772877
Bułgaria,2021,3.33,3.170655482406885
Bułgaria,2022,5.15,4.330902092416043
Bułgaria,2023,5.8500000000000005,5.670408055698417
Bułgaria,2024,7.52,7.946664280324849
Bułgaria,2025,6.08,9.905600065028155
Chorwacja,2020,1.87,1.986450414037708
Chorwacja,2021,3.9,2.9625550000654246
Chorwacja,2022,4.83,3.807065611156802
Chorwacja,2023,4.67,4.61362015328425
Chorwacja,2024,4.92,5.997400035443324
Chorwacja,2025,5.470000000000001,7.0790976544082
Cypr,2020,1.2,2.2419215763452707
Cypr,2023,8.809999999999999,7.845399831434382
Cypr,2024,12.33,9.950591771924106
Cypr,2025,15.35,12.18144722645625
Czechy,2020,2.58,2.4411824080057256
Czechy,2021,3.1100000000000003,3.3054609262272128
Czechy,2022,3.9,4.586631000361571
Czechy,2023,5.9,5.8879464300565765
Czechy,2024,7.21,7.154863879583854
Czechy,2025,9.99,8.600072559179333
Dania,2020,16.41,21.947103034543584
Dania,2021,35.22,29.886153630458796
Dania,2022,38.52,41.70356236727248
Dania,2023,45.88,47.85536992519532
Dania,2024,55.81,56.92981856272107
Dania,2025,71.07000000000001,62.840882102247086
Estonia,2020,2.28,2.741186759454778
Estonia,2021,2.98,3.4013719099791895
Estonia,2022,5.27,4.810405697332735
Estonia,2023,8.74,8.162456308919548
Estonia,2024,10.19,10.641334603636805
Estonia,2025,17.4,14.670163208021508
Finlandia,2020,18.130000000000003,27.574156122275117
Finlandia,2021,30.79,31.622233807472295
Finlandia,2022,37.59,35.679414811834455
Finlandia,2023,54.58,44.821854149983565
Finlandia,2024,49.6,50.471148913338915
Finlandia,2025,57.370000000000005,53.876514029225234
Francja,2021,18.3,15.719452818085717
Francja,2022,21.52,19.361974556707057
Francja,2023,25.86,24.576811216142737
Francja,2024,25.44,28.394405981822636
Francja,2025,26.700000000000003,31.512941098325197
Grecja,2020,2.65,3.2047464124814407
Grecja,2021,6.859999999999999,4.563693290179954
Grecja,2022,7.56,6.191247870673735
Grecja,2023,11.01,10.593737812883154
Grecja,2024,11.59,14.83211126329859
Grecja,2025,14.24,16.998588824208625
Hiszpania,2020,4.93,4.594252323787495
Hiszpania,2021,7.83,6.185568763204068
Hiszpania,2022,9.75,10.304980304424522
Hiszpania,2023,12.33,12.885512130499608
Hiszpania,2024,11.54,15.953650959430501
Hiszpania,2025,20.15,17.70499789905009
Holandia,2020,24.88,24.18359791663755
Holandia,2021,29.48,29.967188891468787
Holandia,2022,34.29,37.64277935732244
Holandia,2023,43.13,44.157306092769694
Holandia,2024,48.16,49.540995695884
Holandia,2025,59.11,53.49698348503522
Irlandia,2020,7.24,6.893333458218385
Irlandia,2021,15.88,11.749537972688168
Irlandia,2022,22.3,24.47613869344076
Irlandia,2023,27.26,23.801486777926122
Irlandia,2024,24.73,30.545435128580216
Irlandia,2025,34.03,37.96621292893816
Litwa,2020,1.2799999999999998,2.7289121912202745
Litwa,2021,3.83,3.154069363781483
Litwa,2022,8.06,5.380262580520441
Litwa,2023,10.26,9.12557646757957
Litwa,2024,12.25,13.277206124937713
Litwa,2025,17.950000000000003,16.51979631399884
Luksemburg,2020,11.86,12.524512089077652
Luksemburg,2021,21.22,17.98018541098337
Luksemburg,2022,25.21,26.27541737335935
Luksemburg,2023,33.43,31.034202004804268
Luksemburg,2024,35.86,35.07942067698913
Luksemburg,2025,34.86,40.294152987545864
Malta,2025,44.34,44.33999999999974
Niemcy,2020,13.4,14.132079978200926
Niemcy,2021,25.700000000000003,17.43488804090981
Niemcy,2022,31.07,21.61235386483573
Niemcy,2023,24.39,26.905041218474196
Niemcy,2024,20.24,30.84978503997507
Niemcy,2025,29.97,34.94308136076715
Polska,2020,1.88,2.679180338828124
Polska,2021,3.64,3.486449471533441
Polska,2022,5.25,4.235812137223768
Polska,2023,6.34,5.7131609144611355
Polska,2024,5.7,7.522796195369173
Polska,2025,12.96,10.127481663528068
Portugalia,2020,13.55,14.406603946820162
Portugalia,2021,19.77,17.829656879001412
Portugalia,2022,21.65,24.199395983035192
Portugalia,2023,31.42,28.20352585748963
Portugalia,2024,33.239999999999995,34.84985951471914
Portugalia,2025,38.42,38.270265739940186
Rumunia,2020,3.08,3.9880610696167764
Rumunia,2021,7.75,5.675472471245901
Rumunia,2022,11.5,7.2095417392799455
Rumunia,2023,12.55,9.821467019247724
Rumunia,2024,10.99,12.855413522934647
Rumunia,2025,9.15,16.55818714756096
Szwecja,2020,32.09,38.09848869307275
Szwecja,2021,44.95,44.330847566302026
Szwecja,2022,55.92,48.38538697000715
Szwecja,2023,59.53,54.9512259486552
Szwecja,2024,58.27,61.72720197076992
Szwecja,2025,63.39,65.82249679180562
Słowacja,2020,2.25,2.020597489353105
Słowacja,2021,2.84,3.2666177806060306
Słowacja,2022,3.97,4.295538046309593
Słowacja,2023,6.109999999999999,5.142217958116151
Słowacja,2024,4.63,6.153617366238609
Słowacja,2025,9.09,7.3286837204523145
Słowenia,2020,3.3400000000000003,3.0823411162928362
Słowenia,2021,3.66,5.601899705599432
Słowenia,2022,6.35,7.0142099352195615
Słowenia,2023,11.05,8.157161303240011
Słowenia,2024,8.15,9.538765847439407
Słowenia,2025,14.52,11.110916926792964
Węgry,2020,4.65,5.092956388117446
Węgry,2021,6.970000000000001,7.4070157705056845
Węgry,2022,8.59,9.089919386691282
Węgry,2023,10.72,9.768427950148144
Węgry,2024,11.72,11.352396288724302
Węgry,2025,14.01,13.032380263291174
Włochy,2020,4.34,3.8647571837717636
Włochy,2021,9.45,5.7433906867761255
Włochy,2022,9.05,8.10594503353986
Włochy,2023,8.63,10.108500400340825
Włochy,2024,7.6,12.09447364968517
Włochy,2025,12.56,13.589192657973165
Łotwa,2020,2.79,4.559482585175849
Łotwa,2021,3.92,5.807142547104236
Łotwa,2022,8.02,7.142715030930741
Łotwa,2023,11.57,8.172129763791855
Łotwa,2024,12.12,11.099638077680586
Łotwa,2025,19.55,15.09953930208632
