panstwo,rok,punkty_ladowania_razem,punkty_ac,punkty_dc,ludnosc,punkty_ladowania_na_100_tys_mieszkancow
Austria,2020,8104.0,6874.0,1230.0,8901064,91.04529525908363
Austria,2021,11739.0,10452.0,1287.0,8932664,131.41656285291825
Austria,2022,17584.0,15251.0,2333.0,8978929,195.83627401441754
Austria,2023,18636.0,15229.0,3407.0,9104772,204.68387346767167
Austria,2024,30421.0,24213.0,6208.0,9158750,332.1523133615395
Austria,2025,34706.0,25585.0,9121.0,9197213,377.3534439182826
Belgia,2020,8003.0,7592.0,411.0,11522440,69.45577499210236
Belgia,2021,12259.0,11745.0,514.0,11554767,106.09473994585957
Belgia,2022,23830.0,22914.0,916.0,11617623,205.1194121207066
Belgia,2023,44362.0,41903.0,2459.0,11742796,377.7805558403638
Belgia,2024,76819.0,72193.0,4626.0,11817096,650.0666492004466
Belgia,2025,98707.0,91586.0,7121.0,11883495,830.6226408981532
Bułgaria,2020,161.0,124.0,37.0,6569275,2.450803170821742
Bułgaria,2021,616.0,445.0,171.0,6532117,9.430327105286082
Bułgaria,2022,1036.0,766.0,270.0,6482484,15.981528068561373
Bułgaria,2023,1624.0,1165.0,459.0,6447710,25.18723701903466
Bułgaria,2024,3020.0,1892.0,1128.0,6445481,46.85453265629051
Bułgaria,2025,4030.0,2289.0,1741.0,6437360,62.603303217468024
Chorwacja,2020,417.0,262.0,155.0,3933511,10.601216063715087
Chorwacja,2021,780.0,522.0,258.0,3893026,20.035828170682652
Chorwacja,2022,1093.0,767.0,326.0,3862305,28.29916332345581
Chorwacja,2023,1074.0,675.0,399.0,3850894,27.889627707228502
Chorwacja,2024,1839.0,1262.0,577.0,3861967,47.61822149179421
Chorwacja,2025,2305.0,1378.0,927.0,3874350,59.493850581387846
Cypr,2020,47.0,46.0,1.0,902429,5.208165960978647
Cypr,2021,,60.0,,914476,
Cypr,2022,,67.0,,929764,
Cypr,2023,329.0,306.0,23.0,949084,34.6650033084532
Cypr,2024,512.0,475.0,37.0,966365,52.98205129531802
Cypr,2025,761.0,715.0,46.0,982966,77.41875100461257
Czechy,2020,1031.0,631.0,400.0,10693939,9.64097513554173
Czechy,2021,2001.0,1384.0,618.0,10494836,19.066519953241766
Czechy,2022,3817.0,2756.0,1061.0,10516707,36.29463100949755
Czechy,2023,4664.0,3389.0,1275.0,10827529,43.07538682186859
Czechy,2024,6359.0,4466.0,1893.0,10900555,58.336479197618836
Czechy,2025,7574.0,5064.0,2510.0,10909500,69.42572986846326
Dania,2020,3547.0,3035.0,512.0,5822763,60.9160977357313
Dania,2021,5843.0,5386.0,457.0,5840045,100.05059892517951
Dania,2022,10818.0,9899.0,919.0,5873420,184.1857044107181
Dania,2023,23071.0,20896.0,2175.0,5932654,388.88160341054777
Dania,2024,35869.0,30432.0,5437.0,5961249,601.7027639677524
Dania,2025,50338.0,41845.0,8493.0,5992734,839.9838871540102
Estonia,2020,56.0,33.0,23.0,1328889,4.214046470397452
Estonia,2021,74.0,49.0,26.0,1330068,5.563625318404774
Estonia,2022,147.0,92.0,56.0,1331796,11.037726498652948
Estonia,2023,594.0,339.0,255.0,1365884,43.488319652327725
Estonia,2024,1051.0,575.0,476.0,1374687,76.45376729393672
Estonia,2025,1976.0,915.0,1061.0,1369995,144.2341030441717
Finlandia,2020,3642.0,3365.0,277.0,5525292,65.91506838009647
Finlandia,2021,4597.0,4070.0,527.0,5533793,83.0714123206271
Finlandia,2022,5525.0,4511.0,1014.0,5548241,99.58111048168239
Finlandia,2023,11247.0,8508.0,2739.0,5563970,202.1398389998508
Finlandia,2024,16726.0,12363.0,4363.0,5603851,298.47331772382955
Finlandia,2025,19806.0,14452.0,5354.0,5635971,351.4212546515942
Francja,2020,,,,67473651,
Francja,2021,54653.0,51022.0,3631.0,67728568,80.69416143568841
Francja,2022,83317.0,75097.0,8220.0,68091703,122.35998855837104
Francja,2023,119255.0,100767.0,18488.0,68436003,174.25769298654103
Francja,2024,155931.0,125955.0,29976.0,68669303,227.07526243567668
Francja,2025,186717.0,146842.0,39875.0,68882600,271.06555211330584
Grecja,2020,291.0,286.0,6.0,10612591,2.742025957657277
Grecja,2021,610.0,597.0,13.0,10555344,5.779063193013889
Grecja,2022,985.0,947.0,39.0,10461627,9.415361492050902
Grecja,2023,3166.0,2950.0,216.0,10401868,30.43684076744677
Grecja,2024,7049.0,6167.0,882.0,10375764,67.9371658800258
Grecja,2025,8757.0,7195.0,1562.0,10372335,84.42650570001837
Hiszpania,2020,5741.0,4601.0,1140.0,47318050,12.132790763778305
Hiszpania,2021,8591.0,6967.0,1624.0,47400798,18.12416744545102
Hiszpania,2022,22090.0,18347.0,3743.0,47486843,46.51814819528011
Hiszpania,2023,30372.0,24930.0,5442.0,48085361,63.16267439481218
Hiszpania,2024,45213.0,35982.0,9231.0,48619695,92.9931789987576
Hiszpania,2025,46902.0,34958.0,11944.0,49128297,95.46840184588527
Holandia,2020,64457.0,63043.0,1414.0,17407585,370.2811159618063
Holandia,2021,84588.0,82900.0,1688.0,17475415,484.0400070613487
Holandia,2022,114310.0,111556.0,2754.0,17590672,649.8330478790123
Holandia,2023,144450.0,140561.0,3889.0,17811291,811.0024141428041
Holandia,2024,183000.0,177706.0,5294.0,17942942,1019.899635188031
Holandia,2025,202833.0,196286.0,6547.0,18044027,1124.100512596218
Irlandia,2020,1065.0,866.0,199.0,5012600,21.246458923512748
Irlandia,2021,965.0,768.0,197.0,5066893,19.045201862364173
Irlandia,2022,2220.0,1947.0,273.0,5154277,43.071026256446835
Irlandia,2023,2825.0,2355.0,470.0,5271395,53.59112720636568
Irlandia,2024,3588.0,2802.0,786.0,5351681,67.04435484850461
Irlandia,2025,3890.0,2776.0,1114.0,5440278,71.5036988918581
Islandia,2020,386.0,317.0,69.0,364134,106.00493225021557
Islandia,2021,744.0,666.0,78.0,368792,201.73973405063018
Islandia,2022,945.0,828.0,117.0,376248,251.16412578937295
Islandia,2023,1610.0,1384.0,230.0,387758,415.2074231866267
Islandia,2024,2548.0,2000.0,549.0,383567,664.2907236545375
Islandia,2025,3216.0,2421.0,812.0,389444,825.7926685223035
Liechtenstein,2020,13.0,3.0,10.0,38747,33.55098459235554
Liechtenstein,2021,53.0,38.0,15.0,39055,135.70605556266804
Liechtenstein,2022,73.0,57.0,16.0,39308,185.71283199348733
Liechtenstein,2023,103.0,74.0,30.0,39677,259.59623963505305
Liechtenstein,2024,108.0,78.0,31.0,40015,269.89878795451705
Liechtenstein,2025,79.0,52.0,27.0,40886,193.22017316440835
Litwa,2020,123.0,70.0,53.0,2809977,4.377260027395242
Litwa,2021,127.0,71.0,56.0,2810761,4.518349301132327
Litwa,2022,428.0,371.0,57.0,2805998,15.253040094825442
Litwa,2023,1313.0,1039.0,274.0,2857279,45.952810348586894
Litwa,2024,2947.0,1707.0,1240.0,2885891,102.11750894264543
Litwa,2025,4713.0,2744.0,1969.0,2890664,163.0421245776057
Luksemburg,2020,1065.0,1053.0,12.0,626108,170.09844946878175
Luksemburg,2021,1027.0,1020.0,14.0,634730,161.80108077450254
Luksemburg,2022,2358.0,2252.0,108.0,645397,365.3565169965153
Luksemburg,2023,2322.0,2143.0,180.0,660809,351.3874659697431
Luksemburg,2024,2651.0,2310.0,341.0,672050,394.46469756714527
Luksemburg,2025,3238.0,2729.0,509.0,681973,474.7988556731718
Malta,2020,,97.0,,514855,
Malta,2021,,95.0,,516125,
Malta,2022,,12.0,,520174,
Malta,2023,,101.0,,542051,
Malta,2024,,120.0,4.0,563443,
Malta,2025,113.0,109.0,4.0,574250,19.677840661732695
Niemcy,2020,41199.0,36132.0,5067.0,83166711,49.53784934455326
Niemcy,2021,57974.0,51041.0,6933.0,83155031,69.71797052183169
Niemcy,2022,83816.0,70997.0,12819.0,83237124,100.69545411011559
Niemcy,2023,120612.0,97704.0,22908.0,83118501,145.10848794060902
Niemcy,2024,159958.0,124484.0,35474.0,83456045,191.66736214255062
Niemcy,2025,200830.0,150477.0,50353.0,83577140,240.2929796353405
Norwegia,2020,13823.0,10199.0,3624.0,5367580,257.52760089276734
Norwegia,2021,17437.0,13081.0,4356.0,5391369,323.42434732254463
Norwegia,2022,20705.0,15082.0,5623.0,5425270,381.63999211099167
Norwegia,2023,24623.0,16776.0,7847.0,5488984,448.5893928639617
Norwegia,2024,30224.0,20353.0,9871.0,5550203,544.5566585582545
Norwegia,2025,26949.0,15725.0,11224.0,5594340,481.7190231555465
Polska,2020,1586.0,1161.0,425.0,37958138,4.178287143589604
Polska,2021,2510.0,1986.0,524.0,37073357,6.770360720233671
Polska,2022,3449.0,2597.0,852.0,36889761,9.349477758882744
Polska,2023,6091.0,4477.0,1614.0,36753736,16.572464905336428
Polska,2024,9555.0,6549.0,3006.0,36620970,26.091608168762324
Polska,2025,14521.0,8398.0,6123.0,36497495,39.78629218251828
Portugalia,2020,2353.0,2048.0,305.0,10375395,22.67865464399187
Portugalia,2021,3686.0,3094.0,592.0,10394297,35.461753690509326
Portugalia,2022,6533.0,5223.0,1310.0,10599117,61.63720996758504
Portugalia,2023,7305.0,5582.0,1723.0,10929704,66.83621075191057
Portugalia,2024,12119.0,8809.0,3310.0,11204347,108.16337623245691
Portugalia,2025,15647.0,10654.0,4993.0,11387222,137.4084039109802
Rumunia,2020,477.0,326.0,151.0,19328838,2.4678151888902997
Rumunia,2021,1097.0,810.0,287.0,19201662,5.713047131024387
Rumunia,2022,1479.0,1067.0,412.0,19043098,7.766593439785901
Rumunia,2023,2723.0,1817.0,937.0,19055228,14.290041557099185
Rumunia,2024,4566.0,2660.0,1906.0,19067576,23.946410387980098
Rumunia,2025,7112.0,3576.0,3536.0,19043151,37.34676052298278
Szwajcaria,2020,5506.0,4573.0,933.0,8606033,63.9783742404892
Szwajcaria,2021,7147.0,6052.0,1095.0,8670300,82.43082707634107
Szwajcaria,2022,10862.0,9337.0,1525.0,8738791,124.29637005851268
Szwajcaria,2023,14232.0,12081.0,2151.0,8815385,161.44501913416147
Szwajcaria,2024,17450.0,14081.0,3369.0,8962258,194.70539678728287
Szwajcaria,2025,19975.0,15620.0,4355.0,9051029,220.69313886851984
Szwecja,2020,14327.0,12961.0,1366.0,10327589,138.72550505253452
Szwecja,2021,18423.0,17000.0,1423.0,10379295,177.4976046060932
Szwecja,2022,24357.0,21891.0,2466.0,10452326,233.02947114355217
Szwecja,2023,37166.0,32413.0,4753.0,10521556,353.2367265830263
Szwecja,2024,53778.0,45231.0,8547.0,10551707,509.66161209745496
Szwecja,2025,62517.0,51941.0,10576.0,10587710,590.4676270883883
Słowacja,2020,425.0,238.0,187.0,5457873,7.786916258403228
Słowacja,2021,1241.0,1030.0,211.0,5459781,22.72984942070021
Słowacja,2022,2232.0,1704.0,528.0,5434712,41.06933357278178
Słowacja,2023,2380.0,1690.0,690.0,5428792,43.84032396157377
Słowacja,2024,3248.0,2193.0,1055.0,5424687,59.87442224777208
Słowacja,2025,4179.0,2632.0,1547.0,5419451,77.11113173640652
Słowenia,2020,363.0,293.0,70.0,2095861,17.319850887057875
Słowenia,2021,1247.0,1067.0,180.0,2108977,59.12819343217114
Słowenia,2022,1601.0,1371.0,230.0,2107180,75.9783217380575
Słowenia,2023,1608.0,1346.0,262.0,2116972,75.95754691134319
Słowenia,2024,2156.0,1763.0,393.0,2123949,101.5090287007833
Słowenia,2025,2545.0,2041.0,504.0,2130850,119.43590585916418
Turcja,2020,1356.0,1320.0,37.0,83154997,1.630689734737168
Turcja,2021,2234.0,2097.0,137.0,83614362,2.6717898056795555
Turcja,2022,2514.0,2206.0,326.0,84680273,2.9688142361090404
Turcja,2023,10057.0,6967.0,3090.0,85279553,11.792979261980888
Turcja,2024,11853.0,6274.0,5579.0,85372377,13.883881902456576
Turcja,2025,34948.0,20093.0,14855.0,85664944,40.796151107038604
Wielka_Brytania,2020,22504.0,18836.0,3668.0,66683687,33.74738412409619
Wielka_Brytania,2021,35022.0,30324.0,4698.0,66858928,52.381934690906206
Wielka_Brytania,2022,52210.0,45579.0,6631.0,67307061,77.56987041820175
Wielka_Brytania,2023,72920.0,61725.0,11195.0,68081159,107.10745978927885
Wielka_Brytania,2024,88097.0,71933.0,16164.0,68903810,127.85504894431817
Wielka_Brytania,2025,103580.0,82083.0,21497.0,69384219,149.28466658967508
Węgry,2020,1217.0,1049.0,168.0,9689376,12.560148352174586
Węgry,2021,2634.0,2297.0,337.0,9651461,27.2912049274198
Węgry,2022,3329.0,2868.0,461.0,9610403,34.63954633328072
Węgry,2023,3317.0,2742.0,575.0,9599744,34.55300474679325
Węgry,2024,4175.0,3170.0,1005.0,9584627,43.55933725955116
Węgry,2025,5083.0,3580.0,1503.0,9539502,53.283703908233356
Włochy,2020,11564.0,10519.0,1045.0,59641488,19.389187607123418
Włochy,2021,21365.0,19865.0,1500.0,59236213,36.06746433976122
Włochy,2022,30855.0,27561.0,3294.0,59030133,52.26991441811592
Włochy,2023,41113.0,35195.0,5918.0,58997201,69.68635681546995
Włochy,2024,58189.0,47803.0,10386.0,58971230,98.67353962262615
Włochy,2025,70039.0,55484.0,14555.0,58943464,118.82403110886051
Łotwa,2020,266.0,145.0,121.0,1907675,13.943674892211725
Łotwa,2021,359.0,204.0,155.0,1893223,18.962372631221996
Łotwa,2022,506.0,327.0,179.0,1875757,26.975775646845513
Łotwa,2023,534.0,296.0,239.0,1895239,28.175865946194648
Łotwa,2024,1157.0,676.0,481.0,1878575,61.589236522364025
Łotwa,2025,2051.0,883.0,1168.0,1860565,110.23533174062717
