panstwo,rok,liczba_bev_we_flocie,liczba_phev_we_flocie,procent_bev_we_flocie,procent_phev_we_flocie,liczba_bev_w_nowych_rejestracjach,liczba_phev_w_nowych_rejestracjach,procent_bev_w_nowych_rejestracjach,procent_phev_w_nowych_rejestracjach,liczba_ev_we_flocie,procent_ev_we_flocie,liczba_ev_w_nowych_rejestracjach,procent_ev_w_nowych_rejestracjach
Austria,2008,,,,,0.0,0.0,,,,,0.0,
Austria,2009,328.0,,0.01,,25.0,0.0,0.01,0.0,,,25.0,0.01
Austria,2010,353.0,,0.01,,112.0,0.0,0.03,0.0,,,112.0,0.03
Austria,2011,989.0,,0.02,,631.0,2.0,0.18,0.0,,,633.0,0.18
Austria,2012,1389.0,141.0,0.03,0.0,427.0,267.0,0.13,0.08,1530.0,0.03,694.0,0.21000000000000002
Austria,2013,2070.0,408.0,0.04,0.01,656.0,80.0,0.21,0.03,2478.0,0.05,736.0,0.24
Austria,2014,3386.0,776.0,0.07,0.02,1344.0,209.0,0.44,0.07,4162.0,0.09000000000000001,1553.0,0.51
Austria,2015,5032.0,1512.0,0.11,0.03,1699.0,984.0,0.55,0.32,6544.0,0.14,2683.0,0.8700000000000001
Austria,2016,9073.0,2287.0,0.19,0.05,3806.0,1182.0,1.15,0.36,11360.0,0.24,4988.0,1.5099999999999998
Austria,2017,14618.0,3948.0,0.3,0.08,5398.0,1820.0,1.53,0.52,18566.0,0.38,7218.0,2.05
Austria,2018,20831.0,5710.0,0.42,0.11,6774.0,2130.0,1.99,0.62,26541.0,0.53,8904.0,2.61
Austria,2019,29523.0,8042.0,0.59,0.16,9242.0,2766.0,2.81,0.84,37565.0,0.75,12008.0,3.65
Austria,2020,44507.0,15237.0,0.87,0.3,15955.0,7762.0,6.41,3.12,59744.0,1.17,23717.0,9.530000000000001
Austria,2021,76539.0,29021.0,1.49,0.57,33379.0,14633.0,13.92,6.1,105560.0,2.06,48012.0,20.02
Austria,2022,110225.0,41580.0,2.14,0.81,33768.0,13271.0,15.7,6.17,151805.0,2.95,47039.0,21.869999999999997
Austria,2023,155490.0,56864.0,3.0,1.1,47614.0,16410.0,19.91,6.86,212354.0,4.1,64024.0,26.77
Austria,2024,200603.0,74768.0,3.83,1.43,44622.0,16928.0,17.58,6.67,275371.0,5.26,61550.0,24.25
Austria,2025,257717.0,105381.0,4.88,1.99,60651.0,28820.0,21.28,10.11,363098.0,6.87,89471.0,31.39
Belgia,2008,10.0,,,,0.0,0.0,,,,,0.0,
Belgia,2009,10.0,,0.0,,0.0,0.0,0.0,0.0,,,0.0,0.0
Belgia,2010,36.0,,0.0,,34.0,0.0,0.01,0.0,,,34.0,0.01
Belgia,2011,162.0,16.0,0.0,0.0,288.0,16.0,0.05,0.0,178.0,0.0,304.0,0.05
Belgia,2012,647.0,338.0,0.01,0.01,585.0,326.0,0.12,0.07,985.0,0.02,911.0,0.19
Belgia,2013,919.0,359.0,0.02,0.01,494.0,60.0,0.1,0.01,1278.0,0.03,554.0,0.11
Belgia,2014,1792.0,1159.0,0.03,0.02,1339.0,652.0,0.27,0.13,2951.0,0.05,1991.0,0.4
Belgia,2015,2871.0,4098.0,0.05,0.07,1613.0,2170.0,0.32,0.43,6969.0,0.12000000000000001,3783.0,0.75
Belgia,2016,4368.0,11422.0,0.08,0.2,2216.0,7124.0,0.41,1.3,15790.0,0.28,9340.0,1.71
Belgia,2017,8552.0,22273.0,0.15,0.38,2945.0,11651.0,0.53,2.1,30825.0,0.53,14596.0,2.63
Belgia,2018,9244.0,33005.0,0.16,0.56,4041.0,9440.0,0.72,1.69,42249.0,0.7200000000000001,13481.0,2.41
Belgia,2019,15338.0,41987.0,0.26,0.71,8886.0,8830.0,1.59,1.58,57325.0,0.97,17716.0,3.17
Belgia,2020,23983.0,74988.0,0.41,1.27,14996.0,33006.0,3.48,7.65,98971.0,1.68,48002.0,11.13
Belgia,2021,40851.0,123435.0,0.69,2.08,21975.0,48447.0,5.74,12.65,164286.0,2.77,70422.0,18.39
Belgia,2022,71651.0,182996.0,1.2,3.08,37815.0,60541.0,10.32,16.53,254647.0,4.28,98356.0,26.85
Belgia,2023,138749.0,265455.0,2.32,4.43,93382.0,100429.0,19.59,21.07,404204.0,6.75,193811.0,40.66
Belgia,2024,254240.0,326468.0,4.18,5.36,127242.0,66383.0,28.38,14.81,580708.0,9.54,193625.0,43.19
Belgia,2025,447937.0,390212.0,7.3,6.36,142826.0,39227.0,34.43,9.46,838149.0,13.66,182053.0,43.89
Bułgaria,2008,,,,,0.0,0.0,,,,,0.0,
Bułgaria,2009,,,,,0.0,0.0,0.0,0.0,,,0.0,0.0
Bułgaria,2010,,,,,0.0,0.0,0.0,0.0,,,0.0,0.0
Bułgaria,2011,,,,,0.0,0.0,0.0,0.0,,,0.0,0.0
Bułgaria,2012,72.0,4.0,0.0,0.0,0.0,4.0,0.0,0.02,76.0,0.0,4.0,0.02
Bułgaria,2013,91.0,4.0,0.0,0.0,,,,,95.0,0.0,,
Bułgaria,2014,147.0,6.0,0.0,0.0,,,,,153.0,0.0,,
Bułgaria,2015,183.0,24.0,0.01,0.0,10.0,,0.06,,207.0,0.01,,
Bułgaria,2016,215.0,31.0,0.01,0.0,11.0,,0.05,,246.0,0.01,,
Bułgaria,2017,384.0,133.0,0.01,0.0,13.0,48.0,0.05,0.18,517.0,0.01,61.0,0.22999999999999998
Bułgaria,2018,710.0,252.0,0.03,0.01,145.0,77.0,0.51,0.27,962.0,0.04,222.0,0.78
Bułgaria,2019,1185.0,662.0,0.04,0.02,188.0,88.0,0.57,0.27,1847.0,0.06,276.0,0.84
Bułgaria,2020,1933.0,953.0,0.07,0.03,277.0,279.0,1.24,1.25,2886.0,0.1,556.0,2.49
Bułgaria,2021,3369.0,1293.0,0.12,0.05,550.0,267.0,2.24,1.09,4662.0,0.16999999999999998,817.0,3.33
Bułgaria,2022,6293.0,1889.0,0.22,0.07,1021.0,456.0,3.56,1.59,8182.0,0.29000000000000004,1477.0,5.15
Bułgaria,2023,11472.0,3232.0,0.41,0.12,1754.0,338.0,4.9,0.95,14704.0,0.53,2092.0,5.8500000000000005
Bułgaria,2024,19020.0,6235.0,0.61,0.2,1665.0,1498.0,3.96,3.56,25255.0,0.81,3163.0,7.52
Bułgaria,2025,21545.0,6813.0,0.68,0.22,2428.0,582.0,4.9,1.18,28358.0,0.9,3010.0,6.08
Chorwacja,2008,1.0,,,,0.0,0.0,,,,,0.0,
Chorwacja,2009,1.0,,0.0,,0.0,0.0,,,,,0.0,
Chorwacja,2010,3.0,,0.0,,0.0,0.0,0.0,0.0,,,0.0,0.0
Chorwacja,2011,7.0,,0.0,,0.0,0.0,0.0,0.0,,,0.0,0.0
Chorwacja,2012,13.0,,0.0,,0.0,0.0,0.0,0.0,,,0.0,0.0
Chorwacja,2013,24.0,12.0,0.0,0.0,,,,,36.0,0.0,,
Chorwacja,2014,39.0,33.0,0.0,0.0,14.0,,0.02,,72.0,0.0,,
Chorwacja,2015,163.0,70.0,0.01,0.0,70.0,30.0,0.09,0.04,233.0,0.01,100.0,0.13
Chorwacja,2016,233.0,96.0,0.02,0.01,45.0,29.0,0.05,0.03,329.0,0.03,74.0,0.08
Chorwacja,2017,285.0,132.0,0.02,0.01,7.0,16.0,0.01,0.02,417.0,0.03,23.0,0.03
Chorwacja,2018,461.0,230.0,0.03,0.01,130.0,5.0,0.09,0.0,691.0,0.04,135.0,0.09
Chorwacja,2019,725.0,352.0,0.04,0.02,240.0,116.0,0.16,0.08,1077.0,0.06,356.0,0.24
Chorwacja,2020,1314.0,553.0,0.08,0.03,533.0,142.0,1.48,0.39,1867.0,0.11,675.0,1.87
Chorwacja,2021,2977.0,1181.0,0.17,0.07,1351.0,399.0,3.01,0.89,4158.0,0.24000000000000002,1750.0,3.9
Chorwacja,2022,4801.0,2544.0,0.26,0.14,1305.0,770.0,3.04,1.79,7345.0,0.4,2075.0,4.83
Chorwacja,2023,7058.0,4534.0,0.37,0.24,1617.0,1014.0,2.87,1.8,11592.0,0.61,2631.0,4.67
Chorwacja,2024,9987.0,8146.0,0.5,0.41,1793.0,1405.0,2.76,2.16,18133.0,0.9099999999999999,3198.0,4.92
Chorwacja,2025,12605.0,13562.0,0.62,0.66,1293.0,2529.0,1.85,3.62,26167.0,1.28,3822.0,5.470000000000001
Cypr,2008,,,,,0.0,0.0,,,,,0.0,
Cypr,2009,,,,,0.0,0.0,,,,,0.0,
Cypr,2010,,,,,0.0,0.0,,,,,0.0,
Cypr,2011,,,,,0.0,0.0,0.0,0.0,,,0.0,0.0
Cypr,2012,1.0,,0.0,,0.0,0.0,0.0,0.0,,,0.0,0.0
Cypr,2013,6.0,,0.0,,,,,,,,,
Cypr,2014,15.0,3.0,0.0,0.0,,,,,18.0,0.0,,
Cypr,2015,23.0,29.0,0.0,0.01,,20.0,,0.2,52.0,0.01,,
Cypr,2016,40.0,49.0,0.01,0.01,21.0,18.0,0.17,0.14,89.0,0.02,39.0,0.31000000000000005
Cypr,2017,87.0,104.0,0.02,0.02,49.0,50.0,0.37,0.38,191.0,0.04,99.0,0.75
Cypr,2018,114.0,158.0,0.02,0.03,37.0,49.0,0.28,0.37,272.0,0.05,86.0,0.65
Cypr,2019,167.0,242.0,0.03,0.04,63.0,88.0,0.5,0.7,409.0,0.07,151.0,1.2
Cypr,2020,240.0,320.0,0.04,0.06,42.0,78.0,0.42,0.78,560.0,0.1,120.0,1.2
Cypr,2021,333.0,468.0,0.06,0.08,80.0,122.0,0.75,1.15,801.0,0.14,202.0,1.9
Cypr,2022,830.0,662.0,0.14,0.11,361.0,197.0,3.1,1.69,1492.0,0.25,558.0,4.79
Cypr,2023,1449.0,1175.0,0.23,0.19,796.0,505.0,5.39,3.42,2624.0,0.42000000000000004,1301.0,8.809999999999999
Cypr,2024,2150.0,1440.0,0.33,0.22,1193.0,664.0,7.92,4.41,3590.0,0.55,1857.0,12.33
Cypr,2025,3569.0,2235.0,0.53,0.33,1474.0,773.0,10.07,5.28,5804.0,0.8600000000000001,2247.0,15.350000000000001
Czechy,2008,29.0,,,,0.0,0.0,,,,,0.0,
Czechy,2009,34.0,,0.0,,0.0,0.0,0.0,0.0,,,0.0,0.0
Czechy,2010,38.0,,0.0,,4.0,0.0,0.0,0.0,,,4.0,0.0
Czechy,2011,72.0,,0.0,,56.0,0.0,0.03,0.0,,,56.0,0.03
Czechy,2012,145.0,13.0,0.0,0.0,92.0,16.0,0.05,0.01,158.0,0.0,108.0,0.060000000000000005
Czechy,2013,191.0,18.0,0.0,0.0,33.0,4.0,0.02,0.0,209.0,0.0,37.0,0.02
Czechy,2014,417.0,54.0,0.01,0.0,58.0,13.0,0.03,0.01,471.0,0.01,71.0,0.04
Czechy,2015,713.0,131.0,0.01,0.0,312.0,89.0,0.14,0.04,844.0,0.01,401.0,0.18000000000000002
Czechy,2016,974.0,260.0,0.02,0.0,210.0,129.0,0.08,0.05,1234.0,0.02,339.0,0.13
Czechy,2017,1525.0,432.0,0.03,0.01,376.0,241.0,0.14,0.09,1957.0,0.04,617.0,0.23
Czechy,2018,3405.0,699.0,0.06,0.01,731.0,243.0,0.28,0.09,4104.0,0.06999999999999999,974.0,0.37
Czechy,2019,4950.0,1218.0,0.08,0.02,778.0,482.0,0.31,0.19,6168.0,0.1,1260.0,0.5
Czechy,2020,8109.0,2816.0,0.13,0.05,3264.0,1975.0,1.61,0.97,10925.0,0.18,5239.0,2.58
Czechy,2021,9051.0,5796.0,0.15,0.1,2644.0,3779.0,1.28,1.83,14847.0,0.25,6423.0,3.1100000000000003
Czechy,2022,14195.0,9530.0,0.23,0.15,3930.0,3560.0,2.05,1.85,23725.0,0.38,7490.0,3.9
Czechy,2023,22441.0,15683.0,0.36,0.25,7504.0,5558.0,3.39,2.51,38124.0,0.61,13062.0,5.9
Czechy,2024,31713.0,23039.0,0.47,0.34,10876.0,5808.0,4.7,2.51,54752.0,0.81,16684.0,7.21
Czechy,2025,45549.0,35513.0,0.66,0.52,13803.0,11032.0,5.55,4.44,81062.0,1.1800000000000002,24835.0,9.99
Dania,2008,,,,,0.0,0.0,,,,,0.0,
Dania,2009,31.0,,,,31.0,0.0,0.02,0.0,,,31.0,0.02
Dania,2010,51.0,,,,20.0,0.0,0.01,0.0,,,20.0,0.01
Dania,2011,466.0,,,,415.0,0.0,0.24,0.0,,,415.0,0.24
Dania,2012,937.0,33.0,0.04,0.0,471.0,33.0,0.28,0.02,970.0,0.04,504.0,0.30000000000000004
Dania,2013,1434.0,44.0,0.06,0.0,497.0,7.0,0.28,0.0,1478.0,0.06,504.0,0.28
Dania,2014,2916.0,89.0,0.13,0.0,1569.0,21.0,0.83,0.01,3005.0,0.13,1590.0,0.84
Dania,2015,7887.0,552.0,0.33,0.02,4133.0,123.0,2.0,0.06,8439.0,0.35000000000000003,4256.0,2.06
Dania,2016,8662.0,1095.0,0.35,0.04,1219.0,157.0,0.55,0.07,9757.0,0.38999999999999996,1376.0,0.6200000000000001
Dania,2017,8764.0,1759.0,0.35,0.07,710.0,240.0,0.32,0.11,10523.0,0.42,950.0,0.43
Dania,2018,10037.0,5135.0,0.39,0.2,1502.0,3180.0,0.69,1.46,15172.0,0.5900000000000001,4682.0,2.15
Dania,2019,15504.0,9685.0,0.58,0.37,5487.0,3822.0,2.43,1.69,25189.0,0.95,9309.0,4.12
Dania,2020,31886.0,29025.0,1.17,1.07,14185.0,18337.0,7.16,9.25,60911.0,2.24,32522.0,16.41
Dania,2021,66610.0,77943.0,2.39,2.8,24832.0,40455.0,13.4,21.82,144553.0,5.1899999999999995,65287.0,35.22
Dania,2022,112674.0,105030.0,4.03,3.76,30718.0,26425.0,20.71,17.81,217704.0,7.79,57143.0,38.519999999999996
Dania,2023,200110.0,123066.0,7.0,4.3,62618.0,16665.0,36.24,9.64,323176.0,11.3,79283.0,45.88
Dania,2024,344439.0,127567.0,12.02,4.45,89568.0,7092.0,51.72,4.09,472006.0,16.47,96660.0,55.81
Dania,2025,540981.0,127850.0,18.56,4.39,126532.0,4690.0,68.53,2.54,668831.0,22.95,131222.0,71.07000000000001
Estonia,2008,,,,,0.0,0.0,,,,,0.0,
Estonia,2009,,,,,0.0,0.0,0.0,0.0,,,0.0,0.0
Estonia,2010,,,,,0.0,0.0,0.0,0.0,,,0.0,0.0
Estonia,2011,56.0,,0.01,,56.0,0.0,0.33,0.0,,,56.0,0.33
Estonia,2012,600.0,5.0,0.1,0.0,506.0,5.0,2.61,0.03,605.0,0.1,511.0,2.6399999999999997
Estonia,2013,708.0,10.0,0.11,0.0,116.0,5.0,0.59,0.03,718.0,0.11,121.0,0.62
Estonia,2014,1067.0,36.0,0.16,0.01,316.0,18.0,1.5,0.09,1103.0,0.17,334.0,1.59
Estonia,2015,1099.0,48.0,0.16,0.01,37.0,14.0,0.18,0.07,1147.0,0.17,51.0,0.25
Estonia,2016,1130.0,55.0,0.16,0.01,49.0,7.0,0.21,0.03,1185.0,0.17,56.0,0.24
Estonia,2017,1154.0,80.0,0.16,0.01,26.0,25.0,0.1,0.1,1234.0,0.17,51.0,0.2
Estonia,2018,1258.0,119.0,0.17,0.02,100.0,39.0,0.38,0.15,1377.0,0.19,139.0,0.53
Estonia,2019,1466.0,147.0,0.18,0.02,80.0,23.0,0.29,0.08,1613.0,0.19999999999999998,103.0,0.37
Estonia,2020,1769.0,256.0,0.22,0.03,360.0,68.0,1.92,0.36,2025.0,0.25,428.0,2.28
Estonia,2021,2260.0,420.0,0.27,0.05,503.0,164.0,2.25,0.73,2680.0,0.32,667.0,2.98
Estonia,2022,2989.0,644.0,0.35,0.08,712.0,424.0,3.3,1.97,3633.0,0.43,1136.0,5.27
Estonia,2023,4423.0,1173.0,0.5,0.13,1458.0,537.0,6.39,2.35,5596.0,0.63,1995.0,8.74
Estonia,2024,5743.0,2099.0,0.86,0.31,1320.0,1268.0,5.2,4.99,7842.0,1.17,2588.0,10.190000000000001
Estonia,2025,10084.0,8021.0,1.49,1.19,868.0,1403.0,6.65,10.75,18105.0,2.6799999999999997,2271.0,17.4
Finlandia,2008,7.0,,,,0.0,0.0,,,,,0.0,
Finlandia,2009,13.0,,,,0.0,0.0,0.0,0.0,,,0.0,0.0
Finlandia,2010,23.0,,,,13.0,0.0,0.01,0.0,,,13.0,0.01
Finlandia,2011,56.0,,,,29.0,0.0,0.02,0.0,,,29.0,0.02
Finlandia,2012,109.0,128.0,0.0,0.0,51.0,128.0,0.05,0.12,237.0,0.0,179.0,0.16999999999999998
Finlandia,2013,169.0,288.0,0.01,0.01,48.0,133.0,0.05,0.13,457.0,0.02,181.0,0.18
Finlandia,2014,386.0,566.0,0.01,0.02,183.0,242.0,0.17,0.23,952.0,0.03,425.0,0.4
Finlandia,2015,657.0,1017.0,0.02,0.03,236.0,410.0,0.22,0.38,1674.0,0.05,646.0,0.6
Finlandia,2016,889.0,2437.0,0.03,0.07,231.0,1195.0,0.19,1.0,3326.0,0.1,1426.0,1.19
Finlandia,2017,1538.0,5719.0,0.05,0.17,517.0,2522.0,0.44,2.13,7257.0,0.22000000000000003,3039.0,2.57
Finlandia,2018,2500.0,13095.0,0.07,0.38,807.0,4886.0,0.67,4.05,15595.0,0.45,5693.0,4.72
Finlandia,2019,4830.0,24703.0,0.14,0.7,1897.0,5983.0,1.66,5.24,29533.0,0.84,7880.0,6.9
Finlandia,2020,9959.0,45620.0,0.28,1.26,4244.0,13231.0,4.4,13.73,55579.0,1.54,17475.0,18.130000000000003
Finlandia,2021,23497.0,76990.0,0.65,2.11,10151.0,20163.0,10.31,20.48,100487.0,2.76,30314.0,30.79
Finlandia,2022,44889.0,104038.0,1.2,2.78,14529.0,16174.0,17.79,19.8,148927.0,3.9799999999999995,30703.0,37.59
Finlandia,2023,83762.0,135105.0,2.22,3.58,29671.0,18085.0,33.91,20.67,218867.0,5.800000000000001,47756.0,54.58
Finlandia,2024,118297.0,166848.0,3.13,4.41,21868.0,14863.0,29.53,20.07,285145.0,7.54,36731.0,49.6
Finlandia,2025,164705.0,187039.0,4.31,4.9,26721.0,14513.0,37.18,20.19,351744.0,9.21,41234.0,57.370000000000005
Francja,2008,2602.0,,,,0.0,0.0,,,,,0.0,
Francja,2009,2599.0,,0.01,,10.0,0.0,0.0,0.0,,,10.0,0.0
Francja,2010,2604.0,,0.01,,134.0,0.0,0.01,0.0,,,134.0,0.01
Francja,2011,5293.0,,0.02,,2630.0,0.0,0.12,0.0,,,2630.0,0.12
Francja,2012,7071.0,666.0,0.02,0.0,5663.0,668.0,0.3,0.04,7737.0,0.02,6331.0,0.33999999999999997
Francja,2013,16165.0,1466.0,0.04,0.0,8583.0,810.0,0.49,0.05,17631.0,0.04,9393.0,0.54
Francja,2014,25950.0,2985.0,0.07,0.01,11139.0,1011.0,0.63,0.06,28935.0,0.08,12150.0,0.69
Francja,2015,41901.0,8025.0,0.11,0.02,17741.0,5043.0,0.94,0.27,49926.0,0.13,22784.0,1.21
Francja,2016,61338.0,14492.0,0.16,0.04,23011.0,6457.0,1.16,0.33,75830.0,0.2,29468.0,1.49
Francja,2017,82481.0,25295.0,0.22,0.07,26509.0,10549.0,1.27,0.51,107776.0,0.29000000000000004,37058.0,1.78
Francja,2018,106489.0,38734.0,0.28,0.1,32209.0,13389.0,1.51,0.63,145223.0,0.38,45598.0,2.14
Francja,2019,141357.0,57294.0,0.37,0.15,42933.0,18549.0,1.98,0.85,198651.0,0.52,61482.0,2.83
Francja,2020,245106.0,132309.0,0.64,0.34,110909.0,74587.0,6.72,4.52,377415.0,0.98,185496.0,11.239999999999998
Francja,2021,470452.0,273600.0,1.21,0.71,162105.0,141439.0,9.77,8.53,744052.0,1.92,303544.0,18.299999999999997
Francja,2022,690093.0,411593.0,1.76,1.05,202868.0,126166.0,13.27,8.25,1101686.0,2.81,329034.0,21.52
Francja,2023,916082.0,574602.0,2.32,1.45,296902.0,161999.0,16.73,9.13,1490684.0,3.7699999999999996,458901.0,25.86
Francja,2024,1218319.0,721450.0,3.08,1.83,290748.0,146392.0,16.92,8.52,1939769.0,4.91,437140.0,25.44
Francja,2025,1543440.0,825313.0,3.88,2.08,327224.0,108619.0,20.05,6.65,2368753.0,5.96,435843.0,26.700000000000003
Grecja,2008,,,,,0.0,0.0,,,,,0.0,
Grecja,2009,,,,,0.0,0.0,0.0,0.0,,,0.0,0.0
Grecja,2010,1.0,,0.0,,0.0,0.0,0.0,0.0,,,0.0,0.0
Grecja,2011,1.0,,0.0,,0.0,0.0,0.0,0.0,,,0.0,0.0
Grecja,2012,2.0,,0.0,,1.0,1.0,0.0,0.0,,,2.0,0.0
Grecja,2013,3.0,,0.0,,3.0,,0.01,,,,,
Grecja,2014,45.0,17.0,0.0,0.0,44.0,,0.06,,62.0,0.0,,
Grecja,2015,84.0,40.0,0.0,0.0,43.0,8.0,0.06,0.01,124.0,0.0,51.0,0.06999999999999999
Grecja,2016,114.0,53.0,0.0,0.0,28.0,6.0,0.04,0.01,167.0,0.0,34.0,0.05
Grecja,2017,148.0,207.0,0.0,0.0,58.0,120.0,0.07,0.14,355.0,0.0,178.0,0.21000000000000002
Grecja,2018,215.0,366.0,0.0,0.01,108.0,155.0,0.1,0.15,581.0,0.01,263.0,0.25
Grecja,2019,426.0,570.0,0.01,0.01,190.0,289.0,0.17,0.25,996.0,0.02,479.0,0.42000000000000004
Grecja,2020,1104.0,2031.0,0.02,0.04,678.0,1461.0,0.84,1.81,3135.0,0.06,2139.0,2.65
Grecja,2021,3280.0,6823.0,0.06,0.12,2120.0,4811.0,2.1,4.76,10103.0,0.18,6931.0,6.859999999999999
Grecja,2022,6306.0,12269.0,0.11,0.22,2644.0,5322.0,2.51,5.05,18575.0,0.33,7966.0,7.56
Grecja,2023,12315.0,20643.0,0.21,0.36,6050.0,8754.0,4.5,6.51,32958.0,0.57,14804.0,11.01
Grecja,2024,17987.0,27290.0,0.3,0.45,8707.0,8344.0,5.92,5.67,45277.0,0.75,17051.0,11.59
Grecja,2025,30789.0,38323.0,0.5,0.62,8863.0,11670.0,6.15,8.09,69112.0,1.12,20533.0,14.24
Hiszpania,2008,,,,,0.0,0.0,,,,,0.0,
Hiszpania,2009,,,,,1.0,0.0,0.0,0.0,,,1.0,0.0
Hiszpania,2010,,,,,73.0,0.0,0.01,0.0,,,73.0,0.01
Hiszpania,2011,568.0,,0.0,,568.0,8.0,0.07,0.0,,,576.0,0.07
Hiszpania,2012,1023.0,109.0,0.0,0.0,443.0,109.0,0.06,0.02,1132.0,0.0,552.0,0.08
Hiszpania,2013,2021.0,190.0,0.01,0.0,936.0,73.0,0.13,0.01,2211.0,0.01,1009.0,0.14
Hiszpania,2014,2832.0,612.0,0.01,0.0,1085.0,306.0,0.12,0.03,3444.0,0.01,1391.0,0.15
Hiszpania,2015,5243.0,1368.0,0.02,0.01,1461.0,761.0,0.14,0.07,6611.0,0.03,2222.0,0.21000000000000002
Hiszpania,2016,5756.0,3131.0,0.03,0.01,2211.0,1507.0,0.19,0.13,8887.0,0.04,3718.0,0.32
Hiszpania,2017,9681.0,6583.0,0.04,0.03,4084.0,3316.0,0.32,0.26,16264.0,0.07,7400.0,0.5800000000000001
Hiszpania,2018,15865.0,12295.0,0.07,0.05,6135.0,5529.0,0.45,0.41,28160.0,0.12000000000000001,11664.0,0.86
Hiszpania,2019,26197.0,19722.0,0.11,0.08,10427.0,7425.0,0.8,0.57,45919.0,0.19,17852.0,1.37
Hiszpania,2020,43203.0,43481.0,0.17,0.18,18233.0,23759.0,2.14,2.79,86684.0,0.35,41992.0,4.93
Hiszpania,2021,66085.0,81355.0,0.27,0.33,24230.0,43069.0,2.82,5.01,147440.0,0.6000000000000001,67299.0,7.83
Hiszpania,2022,95617.0,121285.0,0.38,0.48,31412.0,47925.0,3.86,5.89,216902.0,0.86,79337.0,9.75
Hiszpania,2023,150282.0,180253.0,0.59,0.71,54845.0,62171.0,5.78,6.55,330535.0,1.2999999999999998,117016.0,12.33
Hiszpania,2024,181784.0,235506.0,0.68,0.88,58856.0,58485.0,5.79,5.75,417290.0,1.56,117341.0,11.54
Hiszpania,2025,281653.0,360453.0,1.05,1.35,105568.0,125827.0,9.19,10.96,642106.0,2.4000000000000004,231395.0,20.15
Holandia,2008,,,,,0.0,0.0,,,,,0.0,
Holandia,2009,,,,,28.0,2.0,0.01,0.0,,,30.0,0.01
Holandia,2010,,,,,86.0,0.0,0.02,0.0,,,86.0,0.02
Holandia,2011,,,,,849.0,15.0,0.15,0.0,,,864.0,0.15
Holandia,2012,2100.0,,0.03,,828.0,4326.0,0.16,0.86,,,5154.0,1.02
Holandia,2013,4161.0,24512.0,0.05,0.31,3118.0,19673.0,0.75,4.72,28673.0,0.36,22791.0,5.47
Holandia,2014,6825.0,36937.0,0.09,0.46,3238.0,11828.0,0.84,3.05,43762.0,0.55,15066.0,3.8899999999999997
Holandia,2015,9962.0,78163.0,0.12,0.96,3797.0,39150.0,0.85,8.72,88125.0,1.08,42947.0,9.57
Holandia,2016,13709.0,96156.0,0.17,1.17,4025.0,18775.0,1.05,4.91,109865.0,1.3399999999999999,22800.0,5.96
Holandia,2017,21842.0,97047.0,0.26,1.16,7961.0,1165.0,1.92,0.28,118889.0,1.42,9126.0,2.2
Holandia,2018,44581.0,94668.0,0.53,1.12,24033.0,2820.0,5.42,0.64,139249.0,1.6500000000000001,26853.0,6.06
Holandia,2019,106232.0,91887.0,1.22,1.06,61696.0,4931.0,13.86,1.11,198119.0,2.2800000000000002,66627.0,14.969999999999999
Holandia,2020,173797.0,98403.0,1.98,1.12,73129.0,15933.0,20.43,4.45,272200.0,3.1,89062.0,24.88
Holandia,2021,245091.0,138145.0,2.78,1.56,64419.0,31049.0,19.89,9.59,383236.0,4.34,95468.0,29.48
Holandia,2022,330113.0,186945.0,3.71,2.1,73126.0,34411.0,23.32,10.97,517058.0,5.8100000000000005,107537.0,34.29
Holandia,2023,444669.0,262332.0,4.98,2.94,113587.0,46920.0,30.52,12.61,707001.0,7.92,160507.0,43.129999999999995
Holandia,2024,557742.0,372538.0,6.03,4.03,132166.0,52576.0,34.45,13.71,930280.0,10.06,184742.0,48.160000000000004
Holandia,2025,680605.0,518145.0,7.23,5.5,156139.0,73445.0,40.2,18.91,1198750.0,12.73,229584.0,59.11
Irlandia,2008,,,,,0.0,0.0,,,,,0.0,
Irlandia,2009,,,,,2.0,0.0,0.0,0.0,,,2.0,0.0
Irlandia,2010,18.0,,0.0,,18.0,0.0,0.02,0.0,,,18.0,0.02
Irlandia,2011,64.0,,0.0,,46.0,0.0,0.05,0.0,,,46.0,0.05
Irlandia,2012,193.0,,0.01,,139.0,0.0,0.17,0.0,,,139.0,0.17
Irlandia,2013,280.0,1.0,0.01,0.0,167.0,7.0,0.22,0.01,281.0,0.01,174.0,0.23
Irlandia,2014,560.0,36.0,0.03,0.0,224.0,29.0,0.27,0.03,596.0,0.03,253.0,0.30000000000000004
Irlandia,2015,1120.0,135.0,0.05,0.01,489.0,83.0,0.38,0.06,1255.0,0.060000000000000005,572.0,0.44
Irlandia,2016,1700.0,416.0,0.08,0.02,420.0,253.0,0.28,0.17,2116.0,0.1,673.0,0.45000000000000007
Irlandia,2017,2770.0,739.0,0.13,0.03,627.0,303.0,0.47,0.23,3509.0,0.16,930.0,0.7
Irlandia,2018,4610.0,1631.0,0.21,0.07,1248.0,709.0,0.97,0.55,6241.0,0.28,1957.0,1.52
Irlandia,2019,8590.0,2947.0,0.38,0.13,3455.0,1359.0,2.74,1.08,11537.0,0.51,4814.0,3.8200000000000003
Irlandia,2020,12720.0,5659.0,0.55,0.25,4010.0,2494.0,4.46,2.78,18379.0,0.8,6504.0,7.24
Irlandia,2021,21440.0,17570.0,0.93,0.76,8703.0,7907.0,8.32,7.56,39010.0,1.69,16610.0,15.879999999999999
Irlandia,2022,36970.0,25318.0,1.57,1.07,15706.0,7783.0,14.91,7.39,62288.0,2.64,23489.0,22.3
Irlandia,2023,59400.0,35785.0,2.5,1.5,22869.0,10348.0,18.77,8.49,95185.0,4.0,33217.0,27.259999999999998
Irlandia,2024,72640.0,41933.0,2.87,1.65,17459.0,12538.0,14.39,10.34,114573.0,4.52,29997.0,24.73
Irlandia,2025,95123.0,60653.0,3.76,2.4,23605.0,18917.0,18.89,15.14,155776.0,6.16,42522.0,34.03
Islandia,2008,12.0,,,,0.0,0.0,,,,,0.0,
Islandia,2009,12.0,,,,0.0,0.0,0.0,0.0,,,0.0,0.0
Islandia,2010,14.0,,,,2.0,0.0,0.06,0.0,,,2.0,0.06
Islandia,2011,14.0,,,,0.0,0.0,0.0,0.0,,,0.0,0.0
Islandia,2012,31.0,9.0,0.01,0.0,17.0,12.0,0.21,0.15,40.0,0.01,29.0,0.36
Islandia,2013,111.0,32.0,0.05,0.02,53.0,19.0,0.73,0.26,143.0,0.07,72.0,0.99
Islandia,2014,305.0,61.0,0.14,0.03,134.0,37.0,1.41,0.39,366.0,0.17,171.0,1.7999999999999998
Islandia,2015,691.0,227.0,0.33,0.11,256.0,146.0,1.82,1.04,918.0,0.44,402.0,2.8600000000000003
Islandia,2016,1066.0,1007.0,0.5,0.48,226.0,618.0,1.23,3.35,2073.0,0.98,844.0,4.58
Islandia,2017,1910.0,3188.0,0.74,1.24,842.0,2116.0,3.25,8.17,5098.0,1.98,2958.0,11.42
Islandia,2018,2684.0,6051.0,1.0,2.26,768.0,2669.0,3.62,12.57,8735.0,3.26,3437.0,16.19
Islandia,2019,3749.0,8003.0,1.39,2.97,1139.0,1734.0,8.35,12.72,11752.0,4.36,2873.0,21.07
Islandia,2020,5499.0,9698.0,2.04,3.6,2530.0,2268.0,27.0,24.21,15197.0,5.640000000000001,4798.0,51.21
Islandia,2021,10852.0,15655.0,3.75,5.42,4266.0,4881.0,33.45,38.27,26507.0,9.17,9147.0,71.72
Islandia,2022,17716.0,20692.0,6.25,7.29,6851.0,5037.0,41.2,30.29,38408.0,13.54,11888.0,71.49000000000001
Islandia,2023,25665.0,21750.0,8.44,7.15,10063.0,2179.0,57.36,12.42,47415.0,15.59,12242.0,69.78
Islandia,2024,30218.0,24384.0,9.69,7.82,2661.0,1684.0,25.99,16.45,54602.0,17.509999999999998,4345.0,42.44
Islandia,2025,36122.0,27632.0,11.49,8.79,5999.0,2951.0,41.22,20.28,63754.0,20.28,8950.0,61.5
Liechtenstein,2008,,,,,,,,,,,,
Liechtenstein,2009,,,,,,,,,,,,
Liechtenstein,2010,,,,,,,,,,,,
Liechtenstein,2011,,,,,,,,,,,,
Liechtenstein,2012,,,,,,,,,,,,
Liechtenstein,2013,,,,,14.0,,0.73,,,,,
Liechtenstein,2014,40.0,,0.14,,18.0,,1.0,,,,,
Liechtenstein,2015,62.0,,0.22,,30.0,,1.46,,,,,
Liechtenstein,2016,117.0,,0.4,,46.0,1.0,2.32,0.05,,,47.0,2.3699999999999997
Liechtenstein,2017,164.0,,0.55,,57.0,,2.82,,,,,
Liechtenstein,2018,237.0,1.0,0.79,0.0,48.0,1.0,2.6,0.05,238.0,0.79,49.0,2.65
Liechtenstein,2019,308.0,1.0,1.02,0.0,97.0,6.0,4.97,0.31,309.0,1.02,103.0,5.279999999999999
Liechtenstein,2020,403.0,9.0,1.32,0.03,164.0,3.0,9.72,0.18,412.0,1.35,167.0,9.9
Liechtenstein,2021,630.0,44.0,2.06,0.14,292.0,35.0,17.26,2.07,674.0,2.2,327.0,19.330000000000002
Liechtenstein,2022,950.0,64.0,3.08,0.21,317.0,111.0,18.74,6.56,1014.0,3.29,428.0,25.299999999999997
Liechtenstein,2023,1307.0,79.0,4.22,0.26,338.0,65.0,19.98,3.84,1386.0,4.4799999999999995,403.0,23.82
Liechtenstein,2024,1533.0,143.0,4.93,0.46,362.0,87.0,23.15,5.56,1676.0,5.39,449.0,28.709999999999997
Liechtenstein,2025,2011.0,210.0,6.48,0.68,364.0,57.0,26.32,4.12,2221.0,7.16,421.0,30.44
Litwa,2008,,,,,0.0,0.0,,,,,0.0,
Litwa,2009,,,,,0.0,0.0,0.0,0.0,,,0.0,0.0
Litwa,2010,,,,,0.0,0.0,0.0,0.0,,,0.0,0.0
Litwa,2011,,,,,0.0,0.0,0.0,0.0,,,0.0,0.0
Litwa,2012,,,,,0.0,0.0,0.0,0.0,,,0.0,0.0
Litwa,2013,2.0,4.0,0.0,0.0,,,,,6.0,0.0,,
Litwa,2014,70.0,14.0,0.01,0.0,,,,,84.0,0.01,,
Litwa,2015,169.0,28.0,0.01,0.0,15.0,,0.01,,197.0,0.01,,
Litwa,2016,358.0,44.0,0.03,0.0,60.0,11.0,0.04,0.01,402.0,0.03,71.0,0.05
Litwa,2017,619.0,241.0,0.05,0.02,49.0,19.0,0.03,0.01,860.0,0.07,68.0,0.04
Litwa,2018,965.0,671.0,0.07,0.05,152.0,42.0,0.09,0.02,1636.0,0.12000000000000001,194.0,0.11
Litwa,2019,1395.0,1172.0,0.09,0.08,169.0,52.0,0.1,0.03,2567.0,0.16999999999999998,221.0,0.13
Litwa,2020,2475.0,1951.0,0.16,0.12,453.0,62.0,1.13,0.15,4426.0,0.28,515.0,1.2799999999999998
Litwa,2021,4831.0,3206.0,0.3,0.2,1134.0,70.0,3.61,0.22,8037.0,0.5,1204.0,3.83
Litwa,2022,7305.0,4942.0,0.44,0.3,1318.0,740.0,5.16,2.9,12247.0,0.74,2058.0,8.06
Litwa,2023,11424.0,7530.0,0.66,0.44,2034.0,787.0,7.4,2.86,18954.0,1.1,2821.0,10.26
Litwa,2024,15983.0,12291.0,0.92,0.71,2003.0,1685.0,6.65,5.6,28274.0,1.63,3688.0,12.25
Litwa,2025,19876.0,17272.0,1.13,0.98,3138.0,4395.0,7.48,10.47,37148.0,2.11,7533.0,17.950000000000003
Luksemburg,2008,,,,,0.0,0.0,,,,,0.0,
Luksemburg,2009,,,,,0.0,0.0,0.0,0.0,,,0.0,0.0
Luksemburg,2010,,,,,0.0,0.0,0.0,0.0,,,0.0,0.0
Luksemburg,2011,31.0,,0.01,,31.0,0.0,0.06,0.0,,,31.0,0.06
Luksemburg,2012,100.0,30.0,0.03,0.01,61.0,30.0,0.12,0.06,130.0,0.04,91.0,0.18
Luksemburg,2013,263.0,60.0,0.07,0.02,,,,,323.0,0.09000000000000001,,
Luksemburg,2014,524.0,166.0,0.14,0.04,25.0,,0.05,,690.0,0.18000000000000002,,
Luksemburg,2015,580.0,279.0,0.15,0.07,45.0,35.0,0.1,0.08,859.0,0.22,80.0,0.18
Luksemburg,2016,685.0,449.0,0.18,0.11,162.0,142.0,0.32,0.28,1134.0,0.29,304.0,0.6000000000000001
Luksemburg,2017,970.0,1023.0,0.24,0.25,371.0,616.0,0.7,1.17,1993.0,0.49,987.0,1.8699999999999999
Luksemburg,2018,1336.0,1682.0,0.32,0.41,492.0,535.0,0.93,1.01,3018.0,0.73,1027.0,1.94
Luksemburg,2019,2195.0,2369.0,0.51,0.56,1012.0,919.0,1.87,1.7,4564.0,1.07,1931.0,3.5700000000000003
Luksemburg,2020,4444.0,4526.0,1.03,1.05,2525.0,2833.0,5.59,6.27,8970.0,2.08,5358.0,11.86
Luksemburg,2021,8528.0,7833.0,1.94,1.78,4686.0,4728.0,10.56,10.66,16361.0,3.7199999999999998,9414.0,21.22
Luksemburg,2022,13909.0,10671.0,3.1,2.38,6658.0,3951.0,15.82,9.39,24580.0,5.48,10609.0,25.21
Luksemburg,2023,23267.0,14141.0,5.1,3.1,11380.0,5053.0,23.15,10.28,37408.0,8.2,16433.0,33.43
Luksemburg,2024,32061.0,17147.0,6.95,3.72,12778.0,3962.0,27.37,8.49,49208.0,10.67,16740.0,35.86
Luksemburg,2025,39182.0,18318.0,8.49,3.97,12691.0,3750.0,26.91,7.95,57500.0,12.46,16441.0,34.86
Malta,2008,,,,,0.0,0.0,,,,,0.0,
Malta,2009,,,,,0.0,0.0,,,,,0.0,
Malta,2010,,,,,0.0,0.0,,,,,0.0,
Malta,2011,,,,,0.0,0.0,,,,,0.0,
Malta,2012,38.0,,0.02,,1.0,0.0,,,,,1.0,
Malta,2013,59.0,,0.02,,,,,,,,,
Malta,2014,87.0,4.0,0.03,0.0,,,,,91.0,0.03,,
Malta,2015,136.0,7.0,0.05,0.0,,,,,143.0,0.05,,
Malta,2016,140.0,7.0,0.05,0.0,,,,,147.0,0.05,,
Malta,2017,189.0,12.0,0.06,0.0,48.0,3.0,0.62,0.04,201.0,0.06,51.0,0.66
Malta,2018,603.0,14.0,0.2,0.0,180.0,1.0,2.2,0.01,617.0,0.2,181.0,2.21
Malta,2019,983.0,195.0,0.32,0.06,282.0,70.0,3.66,0.91,1178.0,0.38,352.0,4.57
Malta,2020,1293.0,637.0,0.42,0.21,137.0,33.0,1.23,0.3,1930.0,0.63,170.0,1.53
Malta,2021,1783.0,714.0,0.57,0.23,155.0,95.0,1.5,0.92,2497.0,0.7999999999999999,250.0,2.42
Malta,2022,2803.0,2716.0,0.88,0.85,186.0,101.0,1.94,1.05,5519.0,1.73,287.0,2.99
Malta,2023,4364.0,3706.0,1.35,1.15,982.0,911.0,14.95,13.87,8070.0,2.5,1893.0,28.82
Malta,2024,7297.0,4675.0,2.2,1.41,3456.0,548.0,44.14,7.0,11972.0,3.6100000000000003,4004.0,51.14
Malta,2025,9805.0,5074.0,2.92,1.51,2448.0,420.0,37.85,6.49,14879.0,4.43,2868.0,44.34
Niemcy,2008,1300.0,,,,0.0,0.0,,,,,0.0,
Niemcy,2009,1588.0,,0.0,,15.0,0.0,0.0,0.0,,,15.0,0.0
Niemcy,2010,2307.0,,0.01,,144.0,0.0,0.0,0.0,,,144.0,0.0
Niemcy,2011,4541.0,112.0,0.01,0.0,1828.0,266.0,0.06,0.01,4653.0,0.01,2094.0,0.06999999999999999
Niemcy,2012,7114.0,1332.0,0.02,0.0,2555.0,1232.0,0.08,0.04,8446.0,0.02,3787.0,0.12
Niemcy,2013,12156.0,2932.0,0.03,0.01,5434.0,445.0,0.18,0.02,15088.0,0.04,5879.0,0.19999999999999998
Niemcy,2014,18948.0,6956.0,0.04,0.02,9141.0,3321.0,0.3,0.11,25904.0,0.06,12462.0,0.41
Niemcy,2015,25502.0,17439.0,0.06,0.04,13369.0,10001.0,0.42,0.31,42941.0,0.1,23370.0,0.73
Niemcy,2016,34022.0,32049.0,0.07,0.07,12415.0,12091.0,0.38,0.37,66071.0,0.14,24506.0,0.75
Niemcy,2017,53861.0,44419.0,0.12,0.1,25764.0,27596.0,0.75,0.8,98280.0,0.22,53360.0,1.55
Niemcy,2018,83175.0,66997.0,0.18,0.14,36533.0,29718.0,1.06,0.86,150172.0,0.32,66251.0,1.92
Niemcy,2019,136617.0,102045.0,0.29,0.21,61415.0,44260.0,1.7,1.23,238662.0,0.5,105675.0,2.9299999999999997
Niemcy,2020,309083.0,279651.0,0.64,0.58,191330.0,199606.0,6.56,6.84,588734.0,1.22,390936.0,13.399999999999999
Niemcy,2021,618460.0,565742.0,1.27,1.17,351332.0,322424.0,13.4,12.3,1184202.0,2.44,673756.0,25.700000000000003
Niemcy,2022,1013009.0,864547.0,2.07,1.77,464322.0,359566.0,17.51,13.56,1877556.0,3.84,823888.0,31.07
Niemcy,2023,1408681.0,921777.0,2.87,1.88,520074.0,173833.0,18.28,6.11,2330458.0,4.75,693907.0,24.39
Niemcy,2024,1651643.0,967423.0,3.35,1.96,379472.0,190844.0,13.47,6.77,2619066.0,5.3100000000000005,570316.0,20.240000000000002
Niemcy,2025,2034260.0,1122958.0,4.11,2.27,545176.0,311317.0,19.08,10.89,3157218.0,6.380000000000001,856493.0,29.97
Norwegia,2008,1243.0,,,,243.0,0.0,,,,,243.0,
Norwegia,2009,1388.0,,0.06,,145.0,0.0,0.11,0.0,,,145.0,0.11
Norwegia,2010,1782.0,,0.08,,380.0,0.0,0.3,0.0,,,380.0,0.3
Norwegia,2011,3982.0,1.0,0.17,0.0,2009.0,1.0,1.45,0.0,3983.0,0.17,2010.0,1.45
Norwegia,2012,6543.0,341.0,0.27,0.01,4256.0,340.0,3.08,0.25,6884.0,0.28,4596.0,3.33
Norwegia,2013,17868.0,453.0,0.71,0.02,7875.0,489.0,5.25,0.33,18321.0,0.73,8364.0,5.58
Norwegia,2014,42356.0,2150.0,1.66,0.08,17999.0,1698.0,12.0,1.13,44506.0,1.74,19697.0,13.129999999999999
Norwegia,2015,73312.0,10164.0,2.81,0.39,25551.0,7857.0,16.11,4.95,83476.0,3.2,33408.0,21.06
Norwegia,2016,98532.0,34431.0,3.7,1.29,23878.0,20652.0,14.89,12.87,132963.0,4.99,44530.0,27.759999999999998
Norwegia,2017,138983.0,67315.0,5.11,2.48,32836.0,29144.0,19.58,17.38,206298.0,7.59,61980.0,36.959999999999994
Norwegia,2018,195348.0,96133.0,7.1,3.49,46111.0,26539.0,29.03,16.71,291481.0,10.59,72650.0,45.74
Norwegia,2019,260689.0,116042.0,9.31,4.14,60305.0,19115.0,40.56,12.86,376731.0,13.45,79420.0,53.42
Norwegia,2020,340002.0,146153.0,11.58,4.98,76734.0,28825.0,54.27,20.38,486155.0,16.560000000000002,105559.0,74.65
Norwegia,2021,460734.0,184503.0,15.34,6.14,113613.0,38163.0,64.45,21.65,645237.0,21.48,151776.0,86.1
Norwegia,2022,599169.0,198841.0,19.58,6.5,138287.0,16129.0,79.33,9.25,798010.0,26.08,154416.0,88.58
Norwegia,2023,689169.0,207021.0,23.95,7.19,103946.0,10136.0,81.88,7.98,896190.0,31.14,114082.0,89.86
Norwegia,2024,788750.0,208168.0,27.38,7.23,113434.0,3496.0,88.15,2.72,996918.0,34.61,116930.0,90.87
Norwegia,2025,945182.0,208312.0,32.86,7.24,172124.0,2751.0,95.82,1.53,1153494.0,40.1,174875.0,97.35
Polska,2008,,,,,0.0,0.0,,,,,0.0,
Polska,2009,,,,,0.0,0.0,0.0,0.0,,,0.0,0.0
Polska,2010,,,,,0.0,0.0,0.0,0.0,,,0.0,0.0
Polska,2011,35.0,,0.0,,35.0,0.0,0.01,0.0,,,35.0,0.01
Polska,2012,54.0,12.0,0.0,0.0,19.0,12.0,0.01,0.0,66.0,0.0,31.0,0.01
Polska,2013,81.0,22.0,0.0,0.0,26.0,5.0,0.01,0.0,103.0,0.0,31.0,0.01
Polska,2014,153.0,104.0,0.0,0.0,92.0,48.0,0.03,0.01,257.0,0.0,140.0,0.04
Polska,2015,219.0,270.0,0.0,0.0,112.0,148.0,0.03,0.04,489.0,0.0,260.0,0.07
Polska,2016,348.0,425.0,0.0,0.0,157.0,111.0,0.04,0.03,773.0,0.0,268.0,0.07
Polska,2017,896.0,816.0,0.0,0.0,508.0,385.0,0.1,0.08,1712.0,0.0,893.0,0.18
Polska,2018,3018.0,1592.0,0.01,0.01,694.0,586.0,0.13,0.11,4610.0,0.02,1280.0,0.24
Polska,2019,5196.0,2381.0,0.02,0.01,1464.0,1166.0,0.26,0.21,7577.0,0.03,2630.0,0.47
Polska,2020,9772.0,5919.0,0.04,0.02,3673.0,4362.0,0.86,1.02,15691.0,0.06,8035.0,1.88
Polska,2021,18132.0,15634.0,0.07,0.06,7167.0,9153.0,1.6,2.04,33766.0,0.13,16320.0,3.64
Polska,2022,30841.0,26415.0,0.12,0.1,11278.0,10730.0,2.69,2.56,57256.0,0.22,22008.0,5.25
Polska,2023,51364.0,47137.0,0.19,0.17,17083.0,13030.0,3.6,2.74,98501.0,0.36,30113.0,6.34
Polska,2024,72589.0,68866.0,0.32,0.3,16564.0,14902.0,3.0,2.7,141455.0,0.62,31466.0,5.7
Polska,2025,102710.0,100245.0,0.44,0.43,43311.0,34137.0,7.25,5.71,202955.0,0.87,77448.0,12.96
Portugalia,2008,28.0,,,,0.0,0.0,,,,,0.0,
Portugalia,2009,29.0,,,,0.0,0.0,0.0,0.0,,,0.0,0.0
Portugalia,2010,59.0,36.0,0.0,0.0,18.0,0.0,0.01,0.0,95.0,0.0,18.0,0.01
Portugalia,2011,242.0,39.0,0.01,0.0,201.0,2.0,0.13,0.0,281.0,0.01,203.0,0.13
Portugalia,2012,338.0,69.0,0.01,0.0,64.0,30.0,0.07,0.03,407.0,0.01,94.0,0.1
Portugalia,2013,437.0,99.0,0.01,0.0,167.0,7.0,0.16,0.01,536.0,0.01,174.0,0.17
Portugalia,2014,672.0,215.0,0.01,0.0,198.0,90.0,0.14,0.06,887.0,0.01,288.0,0.2
Portugalia,2015,1398.0,687.0,0.03,0.01,692.0,487.0,0.39,0.27,2085.0,0.04,1179.0,0.66
Portugalia,2016,2383.0,1781.0,0.05,0.04,820.0,1018.0,0.4,0.49,4164.0,0.09,1838.0,0.89
Portugalia,2017,7405.0,4337.0,0.15,0.09,1719.0,2420.0,0.77,1.08,11742.0,0.24,4139.0,1.85
Portugalia,2018,16774.0,9675.0,0.32,0.18,4484.0,3757.0,1.97,1.65,26449.0,0.5,8241.0,3.62
Portugalia,2019,29033.0,17368.0,0.53,0.32,6883.0,5821.0,3.08,2.6,46401.0,0.8500000000000001,12704.0,5.68
Portugalia,2020,33882.0,31007.0,0.61,0.56,7849.0,11858.0,5.4,8.15,64889.0,1.17,19707.0,13.55
Portugalia,2021,50138.0,48004.0,0.89,0.85,13258.0,15731.0,9.04,10.73,98142.0,1.74,28989.0,19.77
Portugalia,2022,68320.0,65729.0,1.16,1.12,17806.0,16042.0,11.39,10.26,134049.0,2.2800000000000002,33848.0,21.65
Portugalia,2023,106424.0,97356.0,1.79,1.64,36361.0,26374.0,18.21,13.21,203780.0,3.4299999999999997,62735.0,31.42
Portugalia,2024,166760.0,131340.0,2.73,2.15,42065.0,27630.0,20.06,13.18,298100.0,4.88,69695.0,33.239999999999995
Portugalia,2025,243954.0,167325.0,3.9,2.68,52345.0,34113.0,23.26,15.16,411279.0,6.58,86458.0,38.42
Rumunia,2008,,,,,0.0,0.0,,,,,0.0,
Rumunia,2009,,,,,0.0,0.0,0.0,0.0,,,0.0,0.0
Rumunia,2010,,,,,0.0,0.0,0.0,0.0,,,0.0,0.0
Rumunia,2011,5.0,,0.0,,5.0,0.0,0.01,0.0,,,5.0,0.01
Rumunia,2012,5.0,5.0,0.0,0.0,2.0,5.0,0.0,0.01,10.0,0.0,7.0,0.01
Rumunia,2013,42.0,6.0,0.0,0.0,31.0,1.0,0.05,0.0,48.0,0.0,32.0,0.05
Rumunia,2014,59.0,20.0,0.0,0.0,,,,,79.0,0.0,,
Rumunia,2015,97.0,59.0,0.0,0.0,54.0,70.0,0.07,0.09,156.0,0.0,124.0,0.16
Rumunia,2016,164.0,147.0,0.0,0.0,64.0,99.0,0.07,0.1,311.0,0.0,163.0,0.17
Rumunia,2017,399.0,278.0,0.01,0.0,235.0,139.0,0.22,0.13,677.0,0.01,374.0,0.35
Rumunia,2018,854.0,510.0,0.01,0.01,504.0,188.0,0.38,0.14,1364.0,0.02,692.0,0.52
Rumunia,2019,2718.0,798.0,0.04,0.01,1613.0,675.0,1.0,0.42,3516.0,0.05,2288.0,1.42
Rumunia,2020,5563.0,1847.0,0.08,0.03,2844.0,1049.0,2.25,0.83,7410.0,0.11,3893.0,3.08
Rumunia,2021,11883.0,4840.0,0.16,0.06,6342.0,3009.0,5.26,2.49,16723.0,0.22,9351.0,7.75
Rumunia,2022,23474.0,8321.0,0.3,0.1,11556.0,3309.0,8.94,2.56,31795.0,0.4,14865.0,11.5
Rumunia,2023,38553.0,10205.0,0.46,0.12,15221.0,2921.0,10.53,2.02,48758.0,0.5800000000000001,18142.0,12.549999999999999
Rumunia,2024,49594.0,16900.0,0.59,0.2,9802.0,6801.0,6.49,4.5,66494.0,0.79,16603.0,10.99
Rumunia,2025,58322.0,19622.0,0.67,0.22,8881.0,5478.0,5.66,3.49,77944.0,0.89,14359.0,9.15
Szwajcaria,2008,,,,,0.0,0.0,,,,,0.0,
Szwajcaria,2009,,,,,21.0,0.0,0.01,0.0,,,21.0,0.01
Szwajcaria,2010,664.0,1.0,0.02,0.0,123.0,0.0,0.04,0.0,665.0,0.02,123.0,0.04
Szwajcaria,2011,664.0,38.0,0.02,0.0,398.0,38.0,0.13,0.01,702.0,0.02,436.0,0.14
Szwajcaria,2012,1023.0,442.0,0.02,0.01,463.0,394.0,0.14,0.12,1465.0,0.03,857.0,0.26
Szwajcaria,2013,2186.0,654.0,0.05,0.01,994.0,166.0,0.32,0.05,2840.0,0.060000000000000005,1160.0,0.37
Szwajcaria,2014,4443.0,1489.0,0.1,0.03,1476.0,638.0,0.48,0.21,5932.0,0.13,2114.0,0.69
Szwajcaria,2015,7534.0,4248.0,0.17,0.09,3823.0,2217.0,1.16,0.67,11782.0,0.26,6040.0,1.83
Szwajcaria,2016,10727.0,6630.0,0.23,0.14,3445.0,2001.0,1.06,0.62,17357.0,0.37,5446.0,1.6800000000000002
Szwajcaria,2017,14543.0,9606.0,0.31,0.21,4913.0,3292.0,1.54,1.03,24149.0,0.52,8205.0,2.5700000000000003
Szwajcaria,2018,19185.0,14179.0,0.41,0.3,5389.0,4059.0,1.76,1.33,33364.0,0.71,9448.0,3.09
Szwajcaria,2019,28722.0,18435.0,0.61,0.39,13100.0,4250.0,4.11,1.33,47157.0,1.0,17350.0,5.44
Szwajcaria,2020,43405.0,32824.0,0.92,0.69,19311.0,14385.0,8.15,6.07,76229.0,1.6099999999999999,33696.0,14.22
Szwajcaria,2021,71715.0,54637.0,1.5,1.14,31676.0,21813.0,13.28,9.15,126352.0,2.6399999999999997,53489.0,22.43
Szwajcaria,2022,110788.0,72795.0,2.3,1.51,40001.0,18353.0,17.7,8.12,183583.0,3.8099999999999996,58354.0,25.82
Szwajcaria,2023,155556.0,81640.0,3.27,1.71,52540.0,23021.0,20.83,9.13,237196.0,4.98,75561.0,29.96
Szwajcaria,2024,200803.0,102845.0,4.19,2.14,44715.0,18916.0,18.65,7.89,303648.0,6.33,63631.0,26.54
Szwajcaria,2025,249832.0,126730.0,5.21,2.64,52947.0,26166.0,22.65,11.19,376562.0,7.85,79113.0,33.839999999999996
Szwecja,2008,129.0,,,,0.0,0.0,,,,,0.0,
Szwecja,2009,157.0,,0.0,,18.0,0.0,0.01,0.0,,,18.0,0.01
Szwecja,2010,190.0,,0.0,,56.0,2.0,0.02,0.0,,,58.0,0.02
Szwecja,2011,366.0,,0.01,,183.0,0.0,0.06,0.0,,,183.0,0.06
Szwecja,2012,603.0,651.0,0.01,0.01,267.0,657.0,0.1,0.23,1254.0,0.02,924.0,0.33
Szwecja,2013,1010.0,1637.0,0.02,0.04,453.0,1103.0,0.16,0.38,2647.0,0.06,1556.0,0.54
Szwecja,2014,2172.0,4922.0,0.05,0.11,1370.0,3300.0,0.42,1.02,7094.0,0.16,4670.0,1.44
Szwecja,2015,4765.0,9776.0,0.1,0.21,3103.0,5408.0,0.86,1.49,14541.0,0.31,8511.0,2.35
Szwecja,2016,7532.0,18832.0,0.16,0.4,3219.0,10027.0,0.83,2.58,26364.0,0.56,13246.0,3.41
Szwecja,2017,11034.0,32253.0,0.23,0.67,4403.0,15548.0,1.12,3.96,43287.0,0.9,19951.0,5.08
Szwecja,2018,16664.0,49394.0,0.34,1.01,7263.0,21375.0,1.99,5.85,66058.0,1.35,28638.0,7.84
Szwecja,2019,30343.0,66609.0,0.62,1.36,15594.0,24431.0,4.25,6.66,96952.0,1.98,40025.0,10.91
Szwecja,2020,55790.0,122290.0,1.13,2.47,27897.0,65831.0,9.55,22.54,178080.0,3.6,93728.0,32.09
Szwecja,2021,110177.0,189498.0,2.21,3.8,57454.0,77842.0,19.09,25.86,299675.0,6.01,135296.0,44.95
Szwecja,2022,197709.0,239531.0,3.97,4.81,94603.0,66485.0,32.84,23.08,437240.0,8.78,161088.0,55.92
Szwecja,2023,291678.0,272342.0,5.86,5.47,111338.0,61186.0,38.42,21.11,564020.0,11.33,172524.0,59.53
Szwecja,2024,358260.0,313546.0,7.2,6.3,94333.0,62751.0,34.99,23.28,671806.0,13.5,157084.0,58.27
Szwecja,2025,432709.0,373812.0,8.59,7.42,99862.0,73197.0,36.58,26.81,806521.0,16.009999999999998,173059.0,63.39
Słowacja,2008,,,,,0.0,0.0,,,,,0.0,
Słowacja,2009,,,,,0.0,0.0,0.0,0.0,,,0.0,0.0
Słowacja,2010,,,,,0.0,0.0,0.0,0.0,,,0.0,0.0
Słowacja,2011,25.0,17.0,0.0,0.0,25.0,17.0,0.04,0.02,42.0,0.0,42.0,0.06
Słowacja,2012,26.0,17.0,0.0,0.0,3.0,1.0,0.0,0.0,43.0,0.0,4.0,0.0
Słowacja,2013,50.0,,0.0,,,,,,,,,
Słowacja,2014,113.0,88.0,0.01,0.0,24.0,,0.03,,201.0,0.01,,
Słowacja,2015,137.0,156.0,0.01,0.01,15.0,15.0,0.02,0.02,293.0,0.02,30.0,0.04
Słowacja,2016,198.0,156.0,0.01,0.01,55.0,,0.06,,354.0,0.02,,
Słowacja,2017,398.0,345.0,0.02,0.02,214.0,175.0,0.22,0.18,743.0,0.04,389.0,0.4
Słowacja,2018,795.0,620.0,0.03,0.03,301.0,281.0,0.31,0.28,1415.0,0.06,582.0,0.5900000000000001
Słowacja,2019,956.0,826.0,0.04,0.03,166.0,209.0,0.16,0.21,1782.0,0.07,375.0,0.37
Słowacja,2020,1863.0,1643.0,0.08,0.07,907.0,811.0,1.19,1.06,3506.0,0.15000000000000002,1718.0,2.25
Słowacja,2021,2999.0,2655.0,0.12,0.11,1136.0,1012.0,1.5,1.34,5654.0,0.22999999999999998,2148.0,2.84
Słowacja,2022,4528.0,4215.0,0.18,0.17,1508.0,1626.0,1.91,2.06,8743.0,0.35,3134.0,3.9699999999999998
Słowacja,2023,7896.0,7145.0,0.3,0.27,2516.0,2862.0,2.86,3.25,15041.0,0.5700000000000001,5378.0,6.109999999999999
Słowacja,2024,14612.0,10904.0,0.54,0.4,2227.0,2174.0,2.34,2.29,25516.0,0.9400000000000001,4401.0,4.63
Słowacja,2025,18895.0,14135.0,0.68,0.51,4377.0,4085.0,4.7,4.39,33030.0,1.19,8462.0,9.09
Słowenia,2008,,,,,0.0,0.0,,,,,0.0,
Słowenia,2009,,,,,0.0,0.0,0.0,0.0,,,0.0,0.0
Słowenia,2010,,,,,0.0,0.0,0.0,0.0,,,0.0,0.0
Słowenia,2011,,,,,12.0,0.0,0.02,0.0,,,12.0,0.02
Słowenia,2012,12.0,,0.0,,17.0,10.0,0.03,0.02,,,27.0,0.05
Słowenia,2013,29.0,10.0,0.0,0.0,,,,,39.0,0.0,,
Słowenia,2014,133.0,20.0,0.01,0.0,22.0,2.0,0.04,0.0,153.0,0.01,24.0,0.04
Słowenia,2015,288.0,55.0,0.03,0.01,93.0,6.0,0.15,0.01,343.0,0.04,99.0,0.16
Słowenia,2016,457.0,140.0,0.04,0.01,152.0,37.0,0.23,0.06,597.0,0.05,189.0,0.29000000000000004
Słowenia,2017,779.0,329.0,0.07,0.03,336.0,187.0,0.46,0.26,1108.0,0.1,523.0,0.72
Słowenia,2018,1308.0,580.0,0.11,0.05,480.0,216.0,0.64,0.29,1888.0,0.16,696.0,0.9299999999999999
Słowenia,2019,1998.0,659.0,0.17,0.06,579.0,84.0,0.8,0.12,2657.0,0.23,663.0,0.92
Słowenia,2020,3670.0,792.0,0.31,0.07,1667.0,118.0,3.12,0.22,4462.0,0.38,1785.0,3.3400000000000003
Słowenia,2021,5413.0,1088.0,0.46,0.09,1688.0,284.0,3.13,0.53,6501.0,0.55,1972.0,3.66
Słowenia,2022,7977.0,1546.0,0.66,0.13,2319.0,626.0,5.0,1.35,9523.0,0.79,2945.0,6.35
Słowenia,2023,12743.0,2523.0,1.04,0.21,4338.0,1074.0,8.86,2.19,15266.0,1.25,5412.0,11.049999999999999
Słowenia,2024,16969.0,3223.0,1.34,0.25,3148.0,1143.0,5.98,2.17,20192.0,1.59,4291.0,8.15
Słowenia,2025,22563.0,5213.0,1.75,0.41,6419.0,1939.0,11.15,3.37,27776.0,2.16,8358.0,14.52
Turcja,2008,,,,,0.0,0.0,,,,,0.0,
Turcja,2009,,,,,0.0,0.0,,,,,0.0,
Turcja,2010,,,,,0.0,0.0,0.0,0.0,,,0.0,0.0
Turcja,2011,,,,,0.0,0.0,0.0,0.0,,,0.0,0.0
Turcja,2012,230.0,,0.0,,92.0,0.0,0.01,0.0,,,92.0,0.01
Turcja,2013,230.0,,0.0,,,1.0,,0.0,,,,
Turcja,2014,412.0,20.0,0.0,0.0,46.0,22.0,0.01,0.0,432.0,0.0,68.0,0.01
Turcja,2015,565.0,127.0,0.01,0.0,119.0,106.0,0.02,0.01,692.0,0.01,225.0,0.03
Turcja,2016,643.0,210.0,0.01,0.0,44.0,83.0,0.01,0.01,853.0,0.01,127.0,0.02
Turcja,2017,760.0,237.0,0.01,0.0,77.0,34.0,0.01,0.0,997.0,0.01,111.0,0.01
Turcja,2018,952.0,281.0,0.01,0.0,192.0,45.0,0.04,0.01,1233.0,0.01,237.0,0.05
Turcja,2019,1176.0,539.0,0.01,0.0,229.0,94.0,0.06,0.02,1715.0,0.01,323.0,0.08
Turcja,2020,2797.0,1026.0,0.02,0.01,891.0,398.0,0.12,0.05,3823.0,0.03,1289.0,0.16999999999999998
Turcja,2021,6267.0,1795.0,0.05,0.01,2968.0,915.0,0.42,0.13,8062.0,0.060000000000000005,3883.0,0.55
Turcja,2022,14552.0,2346.0,0.1,0.02,7042.0,543.0,1.01,0.08,16898.0,0.12000000000000001,7585.0,1.09
Turcja,2023,80043.0,5906.0,0.53,0.04,65708.0,2651.0,8.46,0.34,85949.0,0.5700000000000001,68359.0,8.8
Turcja,2024,183151.0,19543.0,1.13,0.12,96497.0,14300.0,9.84,1.46,202694.0,1.25,110797.0,11.3
Turcja,2025,375192.0,69231.0,2.18,0.4,191222.0,47969.0,17.63,4.42,444423.0,2.58,239191.0,22.049999999999997
Wielka_Brytania,2008,189.0,,,,0.0,0.0,,,,,0.0,
Wielka_Brytania,2009,354.0,,0.0,,124.0,0.0,0.01,0.0,,,124.0,0.01
Wielka_Brytania,2010,1562.0,176.0,0.01,0.0,90.0,0.0,0.0,0.0,1738.0,0.01,90.0,0.0
Wielka_Brytania,2011,2635.0,176.0,0.01,0.0,1073.0,7.0,0.06,0.0,2811.0,0.01,1080.0,0.06
Wielka_Brytania,2012,4109.0,1184.0,0.01,0.0,1416.0,989.0,0.07,0.05,5293.0,0.01,2405.0,0.12000000000000001
Wielka_Brytania,2013,6268.0,2262.0,0.02,0.01,2539.0,902.0,0.11,0.04,8530.0,0.03,3441.0,0.15
Wielka_Brytania,2014,12363.0,9886.0,0.04,0.03,7501.0,7076.0,0.3,0.29,22249.0,0.07,14577.0,0.59
Wielka_Brytania,2015,20958.0,27655.0,0.07,0.09,11443.0,17091.0,0.43,0.65,48613.0,0.16,28534.0,1.08
Wielka_Brytania,2016,29720.0,55041.0,0.09,0.17,11854.0,26270.0,0.44,0.98,84761.0,0.26,38124.0,1.42
Wielka_Brytania,2017,42020.0,87030.0,0.13,0.27,15813.0,32360.0,0.62,1.27,129050.0,0.4,48173.0,1.8900000000000001
Wielka_Brytania,2018,56310.0,126277.0,0.17,0.39,17111.0,42845.0,0.72,1.81,182587.0,0.56,59956.0,2.5300000000000002
Wielka_Brytania,2019,90858.0,156086.0,0.28,0.47,37972.0,36425.0,1.64,1.58,246944.0,0.75,74397.0,3.2199999999999998
Wielka_Brytania,2020,193992.0,214632.0,0.59,0.66,107561.0,67141.0,6.59,4.12,408624.0,1.25,174702.0,10.71
Wielka_Brytania,2021,379220.0,321551.0,1.15,0.98,191359.0,120146.0,11.62,7.29,700771.0,2.13,311505.0,18.91
Wielka_Brytania,2022,628984.0,413759.0,1.9,1.25,267171.0,101722.0,16.55,6.3,1042743.0,3.15,368893.0,22.85
Wielka_Brytania,2023,930649.0,540108.0,2.77,1.61,314688.0,142568.0,16.54,7.49,1470757.0,4.38,457256.0,24.03
Wielka_Brytania,2024,1287198.0,686740.0,3.79,2.02,383581.0,168124.0,19.55,8.57,1973938.0,5.8100000000000005,551705.0,28.12
Wielka_Brytania,2025,1736413.0,903565.0,5.03,2.62,473348.0,225151.0,23.43,11.14,2639978.0,7.65,698499.0,34.57
Węgry,2008,,,,,0.0,0.0,,,,,0.0,
Węgry,2009,,,,,0.0,0.0,0.0,0.0,,,0.0,0.0
Węgry,2010,,,,,0.0,0.0,0.0,0.0,,,0.0,0.0
Węgry,2011,9.0,,0.0,,9.0,0.0,0.02,0.0,,,9.0,0.02
Węgry,2012,90.0,17.0,0.0,0.0,8.0,17.0,0.02,0.03,107.0,0.0,25.0,0.05
Węgry,2013,110.0,17.0,0.0,0.0,14.0,,0.02,,127.0,0.0,,
Węgry,2014,175.0,40.0,0.01,0.0,29.0,6.0,0.04,0.01,215.0,0.01,35.0,0.05
Węgry,2015,342.0,99.0,0.01,0.0,195.0,30.0,0.25,0.04,441.0,0.01,225.0,0.29
Węgry,2016,758.0,210.0,0.02,0.01,232.0,,0.24,,968.0,0.03,,
Węgry,2017,1996.0,522.0,0.06,0.02,725.0,359.0,0.62,0.31,2518.0,0.08,1084.0,0.9299999999999999
Węgry,2018,3839.0,1268.0,0.11,0.03,1287.0,680.0,0.94,0.5,5107.0,0.14,1967.0,1.44
Węgry,2019,6595.0,2122.0,0.17,0.06,1833.0,1035.0,1.16,0.65,8717.0,0.23,2868.0,1.81
Węgry,2020,11012.0,5856.0,0.28,0.15,2975.0,2982.0,2.32,2.33,16868.0,0.43000000000000005,5957.0,4.65
Węgry,2021,18823.0,8002.0,0.47,0.2,4312.0,4182.0,3.54,3.43,26825.0,0.6699999999999999,8494.0,6.970000000000001
Węgry,2022,29836.0,9945.0,0.72,0.24,4710.0,4872.0,4.22,4.37,39781.0,0.96,9582.0,8.59
Węgry,2023,41212.0,11679.0,0.98,0.28,6090.0,5447.0,5.66,5.06,52891.0,1.26,11537.0,10.719999999999999
Węgry,2024,65449.0,12620.0,1.54,0.3,8565.0,5695.0,7.04,4.68,78069.0,1.84,14260.0,11.719999999999999
Węgry,2025,94009.0,12668.0,2.15,0.29,11002.0,7136.0,8.5,5.51,106677.0,2.44,18138.0,14.01
Włochy,2008,,,,,0.0,0.0,,,,,0.0,
Włochy,2009,,,,,0.0,0.0,0.0,0.0,,,0.0,0.0
Włochy,2010,,,,,40.0,0.0,0.0,0.0,,,40.0,0.0
Włochy,2011,117.0,,0.0,,117.0,3.0,0.01,0.0,,,120.0,0.01
Włochy,2012,623.0,145.0,0.0,0.0,507.0,145.0,0.04,0.01,768.0,0.0,652.0,0.05
Włochy,2013,1531.0,363.0,0.0,0.0,846.0,162.0,0.06,0.01,1894.0,0.0,1008.0,0.06999999999999999
Włochy,2014,3430.0,832.0,0.01,0.0,1155.0,148.0,0.08,0.01,4262.0,0.01,1303.0,0.09
Włochy,2015,4584.0,1550.0,0.01,0.0,1576.0,740.0,0.1,0.05,6134.0,0.01,2316.0,0.15000000000000002
Włochy,2016,5743.0,3149.0,0.02,0.01,1497.0,1309.0,0.08,0.07,8892.0,0.03,2806.0,0.15000000000000002
Włochy,2017,7560.0,5786.0,0.02,0.02,2109.0,2649.0,0.11,0.13,13346.0,0.04,4758.0,0.24
Włochy,2018,12156.0,10820.0,0.03,0.03,5155.0,4661.0,0.27,0.24,22976.0,0.06,9816.0,0.51
Włochy,2019,22728.0,16811.0,0.06,0.04,10718.0,6488.0,0.55,0.33,39539.0,0.1,17206.0,0.8800000000000001
Włochy,2020,53079.0,44212.0,0.13,0.11,32477.0,27402.0,2.35,1.99,97291.0,0.24,59879.0,4.34
Włochy,2021,118034.0,114589.0,0.3,0.29,67356.0,70378.0,4.62,4.83,232623.0,0.59,137734.0,9.45
Włochy,2022,158131.0,183055.0,0.4,0.46,49407.0,69806.0,3.75,5.3,341186.0,0.8600000000000001,119213.0,9.05
Włochy,2023,219540.0,252640.0,0.55,0.63,66294.0,68814.0,4.23,4.4,472180.0,1.1800000000000002,135108.0,8.63
Włochy,2024,277365.0,286737.0,0.67,0.69,66227.0,52161.0,4.25,3.35,564102.0,1.3599999999999999,118388.0,7.6
Włochy,2025,372693.0,383258.0,0.89,0.91,94618.0,96995.0,6.2,6.36,755951.0,1.8,191613.0,12.56
Łotwa,2008,,,,,0.0,0.0,,,,,0.0,
Łotwa,2009,,,,,0.0,0.0,0.0,0.0,,,0.0,0.0
Łotwa,2010,,,,,0.0,0.0,0.0,0.0,,,0.0,0.0
Łotwa,2011,,,,,0.0,0.0,0.0,0.0,,,0.0,0.0
Łotwa,2012,10.0,,0.0,,6.0,3.0,0.06,0.03,,,9.0,0.09
Łotwa,2013,15.0,6.0,0.0,0.0,,,,,21.0,0.0,,
Łotwa,2014,188.0,9.0,0.03,0.0,158.0,1.0,1.2,0.01,197.0,0.03,159.0,1.21
Łotwa,2015,211.0,23.0,0.03,0.0,17.0,,0.12,,234.0,0.03,,
Łotwa,2016,241.0,26.0,0.04,0.0,19.0,15.0,0.11,0.09,267.0,0.04,34.0,0.2
Łotwa,2017,312.0,49.0,0.05,0.01,62.0,29.0,0.36,0.17,361.0,0.060000000000000005,91.0,0.53
Łotwa,2018,442.0,89.0,0.06,0.01,130.0,29.0,0.76,0.17,531.0,0.06999999999999999,159.0,0.93
Łotwa,2019,658.0,124.0,0.09,0.02,118.0,23.0,0.64,0.12,782.0,0.11,141.0,0.76
Łotwa,2020,1205.0,196.0,0.16,0.03,297.0,90.0,2.14,0.65,1401.0,0.19,387.0,2.79
Łotwa,2021,2106.0,338.0,0.28,0.04,421.0,140.0,2.94,0.98,2444.0,0.32,561.0,3.92
Łotwa,2022,3832.0,568.0,0.49,0.07,1068.0,275.0,6.38,1.64,4400.0,0.56,1343.0,8.02
Łotwa,2023,6369.0,856.0,0.8,0.11,1800.0,396.0,9.48,2.09,7225.0,0.91,2196.0,11.57
Łotwa,2024,9410.0,1390.0,1.19,0.18,1293.0,790.0,7.52,4.6,10800.0,1.3699999999999999,2083.0,12.12
Łotwa,2025,11025.0,4022.0,1.38,0.5,1628.0,2773.0,7.23,12.32,15047.0,1.88,4401.0,19.55
